sku,name,description,price,categories
SKU-0001,Produkt 1,Beskrivning för produkt 1,4885,Ljud;Böcker
SKU-0002,Produkt 2,Beskrivning för produkt 2,906,Hem & Kök
SKU-0003,Produkt 3,Beskrivning för produkt 3,1988,Kläder
SKU-0004,Produkt 4,Beskrivning för produkt 4,884,Spel
SKU-0005,Produkt 5,Beskrivning för produkt 5,1557,Tillbehör;Mobiltelefoner;Datorer
SKU-0006,Produkt 6,Beskrivning för produkt 6,548,Ljud;Hem & Kök
SKU-0007,Produkt 7,Beskrivning för produkt 7,3099,Elektronik
SKU-0008,Produkt 8,Beskrivning för produkt 8,3192,Kläder;Datorer
SKU-0009,Produkt 9,Beskrivning för produkt 9,3137,Böcker;Elektronik
SKU-0010,Produkt 10,Beskrivning för produkt 10,3138,Ljud
SKU-0011,Produkt 11,Beskrivning för produkt 11,804,Sport;Böcker
SKU-0012,Produkt 12,Beskrivning för produkt 12,3625,Mobiltelefoner;Kläder;Elektronik
SKU-0013,Produkt 13,Beskrivning för produkt 13,4077,Datorer
SKU-0014,Produkt 14,Beskrivning för produkt 14,2429,Sport;Hem & Kök
SKU-0015,Produkt 15,Beskrivning för produkt 15,4165,Ljud;Tillbehör
SKU-0016,Produkt 16,Beskrivning för produkt 16,905,Tillbehör;Elektronik;Spel
SKU-0017,Produkt 17,Beskrivning för produkt 17,3007,Böcker;Spel;Elektronik
SKU-0018,Produkt 18,Beskrivning för produkt 18,4973,Mobiltelefoner
SKU-0019,Produkt 19,Beskrivning för produkt 19,2319,Sport;Datorer;Hem & Kök
SKU-0020,Produkt 20,Beskrivning för produkt 20,1303,Tillbehör;Sport;Datorer
SKU-0021,Produkt 21,Beskrivning för produkt 21,703,Sport;Böcker;Kläder
SKU-0022,Produkt 22,Beskrivning för produkt 22,2283,Mobiltelefoner;Elektronik;Böcker
SKU-0023,Produkt 23,Beskrivning för produkt 23,516,Elektronik;Tillbehör;Hem & Kök
SKU-0024,Produkt 24,Beskrivning för produkt 24,329,Spel;Tillbehör;Böcker
SKU-0025,Produkt 25,Beskrivning för produkt 25,3444,Elektronik;Datorer;Ljud
SKU-0026,Produkt 26,Beskrivning för produkt 26,3431,Hem & Kök
SKU-0027,Produkt 27,Beskrivning för produkt 27,4619,Elektronik;Böcker
SKU-0028,Produkt 28,Beskrivning för produkt 28,3857,Datorer
SKU-0029,Produkt 29,Beskrivning för produkt 29,2155,Hem & Kök;Böcker;Datorer
SKU-0030,Produkt 30,Beskrivning för produkt 30,391,Ljud
SKU-0031,Produkt 31,Beskrivning för produkt 31,2250,Kläder
SKU-0032,Produkt 32,Beskrivning för produkt 32,1717,Mobiltelefoner;Sport;Elektronik
SKU-0033,Produkt 33,Beskrivning för produkt 33,3345,Mobiltelefoner
SKU-0034,Produkt 34,Beskrivning för produkt 34,2378,Datorer;Elektronik
SKU-0035,Produkt 35,Beskrivning för produkt 35,1749,Tillbehör
SKU-0036,Produkt 36,Beskrivning för produkt 36,2444,Kläder;Böcker
SKU-0037,Produkt 37,Beskrivning för produkt 37,4374,Mobiltelefoner;Tillbehör
SKU-0038,Produkt 38,Beskrivning för produkt 38,225,Spel;Kläder
SKU-0039,Produkt 39,Beskrivning för produkt 39,2693,Sport;Datorer;Kläder
SKU-0040,Produkt 40,Beskrivning för produkt 40,452,Kläder
SKU-0041,Produkt 41,Beskrivning för produkt 41,1351,Sport;Ljud
SKU-0042,Produkt 42,Beskrivning för produkt 42,1336,Elektronik;Kläder;Tillbehör
SKU-0043,Produkt 43,Beskrivning för produkt 43,1918,Tillbehör
SKU-0044,Produkt 44,Beskrivning för produkt 44,412,Elektronik;Spel
SKU-0045,Produkt 45,Beskrivning för produkt 45,4422,Spel;Böcker
SKU-0046,Produkt 46,Beskrivning för produkt 46,2206,Böcker;Kläder;Sport
SKU-0047,Produkt 47,Beskrivning för produkt 47,988,Ljud;Böcker;Hem & Kök
SKU-0048,Produkt 48,Beskrivning för produkt 48,1019,Böcker;Kläder;Sport
SKU-0049,Produkt 49,Beskrivning för produkt 49,299,Tillbehör;Böcker
SKU-0050,Produkt 50,Beskrivning för produkt 50,803,Sport
SKU-0051,Produkt 51,Beskrivning för produkt 51,3859,Mobiltelefoner
SKU-0052,Produkt 52,Beskrivning för produkt 52,2094,Mobiltelefoner;Elektronik;Ljud
SKU-0053,Produkt 53,Beskrivning för produkt 53,51,Mobiltelefoner
SKU-0054,Produkt 54,Beskrivning för produkt 54,1837,Tillbehör
SKU-0055,Produkt 55,Beskrivning för produkt 55,4438,Kläder
SKU-0056,Produkt 56,Beskrivning för produkt 56,852,Sport;Kläder;Elektronik
SKU-0057,Produkt 57,Beskrivning för produkt 57,4537,Elektronik
SKU-0058,Produkt 58,Beskrivning för produkt 58,2839,Mobiltelefoner;Kläder
SKU-0059,Produkt 59,Beskrivning för produkt 59,3371,Mobiltelefoner;Kläder
SKU-0060,Produkt 60,Beskrivning för produkt 60,3014,Tillbehör
SKU-0061,Produkt 61,Beskrivning för produkt 61,1360,Sport;Hem & Kök
SKU-0062,Produkt 62,Beskrivning för produkt 62,2082,Böcker;Tillbehör
SKU-0063,Produkt 63,Beskrivning för produkt 63,2724,Ljud;Tillbehör;Spel
SKU-0064,Produkt 64,Beskrivning för produkt 64,344,Mobiltelefoner;Elektronik
SKU-0065,Produkt 65,Beskrivning för produkt 65,937,Kläder;Tillbehör
SKU-0066,Produkt 66,Beskrivning för produkt 66,607,Tillbehör;Böcker;Sport
SKU-0067,Produkt 67,Beskrivning för produkt 67,3064,Elektronik
SKU-0068,Produkt 68,Beskrivning för produkt 68,1521,Ljud
SKU-0069,Produkt 69,Beskrivning för produkt 69,4364,Sport;Hem & Kök;Böcker
SKU-0070,Produkt 70,Beskrivning för produkt 70,1861,Böcker;Sport;Tillbehör
SKU-0071,Produkt 71,Beskrivning för produkt 71,1234,Datorer
SKU-0072,Produkt 72,Beskrivning för produkt 72,4677,Tillbehör;Hem & Kök;Ljud
SKU-0073,Produkt 73,Beskrivning för produkt 73,4907,Mobiltelefoner
SKU-0074,Produkt 74,Beskrivning för produkt 74,3612,Mobiltelefoner
SKU-0075,Produkt 75,Beskrivning för produkt 75,4513,Mobiltelefoner;Spel;Kläder
SKU-0076,Produkt 76,Beskrivning för produkt 76,2681,Sport;Hem & Kök;Tillbehör
SKU-0077,Produkt 77,Beskrivning för produkt 77,889,Tillbehör;Elektronik;Spel
SKU-0078,Produkt 78,Beskrivning för produkt 78,2587,Tillbehör;Datorer
SKU-0079,Produkt 79,Beskrivning för produkt 79,2941,Kläder
SKU-0080,Produkt 80,Beskrivning för produkt 80,4277,Ljud
SKU-0081,Produkt 81,Beskrivning för produkt 81,425,Elektronik;Tillbehör
SKU-0082,Produkt 82,Beskrivning för produkt 82,4502,Datorer
SKU-0083,Produkt 83,Beskrivning för produkt 83,522,Böcker;Tillbehör
SKU-0084,Produkt 84,Beskrivning för produkt 84,3896,Kläder
SKU-0085,Produkt 85,Beskrivning för produkt 85,1884,Böcker
SKU-0086,Produkt 86,Beskrivning för produkt 86,1953,Elektronik;Hem & Kök
SKU-0087,Produkt 87,Beskrivning för produkt 87,944,Ljud
SKU-0088,Produkt 88,Beskrivning för produkt 88,275,Hem & Kök
SKU-0089,Produkt 89,Beskrivning för produkt 89,653,Elektronik
SKU-0090,Produkt 90,Beskrivning för produkt 90,4830,Ljud;Tillbehör;Datorer
SKU-0091,Produkt 91,Beskrivning för produkt 91,1948,Datorer
SKU-0092,Produkt 92,Beskrivning för produkt 92,3422,Spel;Elektronik;Tillbehör
SKU-0093,Produkt 93,Beskrivning för produkt 93,1642,Datorer
SKU-0094,Produkt 94,Beskrivning för produkt 94,1516,Mobiltelefoner;Spel;Tillbehör
SKU-0095,Produkt 95,Beskrivning för produkt 95,799,Ljud
SKU-0096,Produkt 96,Beskrivning för produkt 96,4324,Tillbehör;Kläder
SKU-0097,Produkt 97,Beskrivning för produkt 97,4725,Kläder
SKU-0098,Produkt 98,Beskrivning för produkt 98,4344,Spel;Elektronik
SKU-0099,Produkt 99,Beskrivning för produkt 99,1605,Böcker;Sport
SKU-0100,Produkt 100,Beskrivning för produkt 100,1102,Ljud
SKU-0101,Produkt 101,Beskrivning för produkt 101,1578,Spel;Hem & Kök
SKU-0102,Produkt 102,Beskrivning för produkt 102,2304,Elektronik;Kläder
SKU-0103,Produkt 103,Beskrivning för produkt 103,3646,Elektronik;Datorer;Sport
SKU-0104,Produkt 104,Beskrivning för produkt 104,1128,Datorer
SKU-0105,Produkt 105,Beskrivning för produkt 105,2280,Elektronik;Ljud
SKU-0106,Produkt 106,Beskrivning för produkt 106,2358,Spel;Tillbehör;Mobiltelefoner
SKU-0107,Produkt 107,Beskrivning för produkt 107,4740,Sport;Kläder;Datorer
SKU-0108,Produkt 108,Beskrivning för produkt 108,1538,Sport
SKU-0109,Produkt 109,Beskrivning för produkt 109,4058,Datorer;Ljud;Böcker
SKU-0110,Produkt 110,Beskrivning för produkt 110,769,Ljud
SKU-0111,Produkt 111,Beskrivning för produkt 111,3596,Spel;Böcker;Elektronik
SKU-0112,Produkt 112,Beskrivning för produkt 112,2968,Mobiltelefoner
SKU-0113,Produkt 113,Beskrivning för produkt 113,3126,Hem & Kök;Mobiltelefoner
SKU-0114,Produkt 114,Beskrivning för produkt 114,997,Datorer;Spel
SKU-0115,Produkt 115,Beskrivning för produkt 115,530,Elektronik;Böcker;Tillbehör
SKU-0116,Produkt 116,Beskrivning för produkt 116,4055,Mobiltelefoner;Spel;Datorer
SKU-0117,Produkt 117,Beskrivning för produkt 117,3808,Sport;Hem & Kök;Mobiltelefoner
SKU-0118,Produkt 118,Beskrivning för produkt 118,73,Sport;Kläder
SKU-0119,Produkt 119,Beskrivning för produkt 119,4039,Kläder;Ljud
SKU-0120,Produkt 120,Beskrivning för produkt 120,337,Datorer;Böcker
SKU-0121,Produkt 121,Beskrivning för produkt 121,4244,Spel;Tillbehör
SKU-0122,Produkt 122,Beskrivning för produkt 122,957,Mobiltelefoner;Elektronik;Spel
SKU-0123,Produkt 123,Beskrivning för produkt 123,2407,Spel
SKU-0124,Produkt 124,Beskrivning för produkt 124,3340,Tillbehör
SKU-0125,Produkt 125,Beskrivning för produkt 125,3490,Böcker
SKU-0126,Produkt 126,Beskrivning för produkt 126,1993,Sport;Böcker;Spel
SKU-0127,Produkt 127,Beskrivning för produkt 127,2233,Böcker;Elektronik
SKU-0128,Produkt 128,Beskrivning för produkt 128,2898,Elektronik
SKU-0129,Produkt 129,Beskrivning för produkt 129,4298,Hem & Kök
SKU-0130,Produkt 130,Beskrivning för produkt 130,1490,Elektronik
SKU-0131,Produkt 131,Beskrivning för produkt 131,2383,Tillbehör
SKU-0132,Produkt 132,Beskrivning för produkt 132,1653,Elektronik;Sport;Mobiltelefoner
SKU-0133,Produkt 133,Beskrivning för produkt 133,3465,Elektronik;Spel
SKU-0134,Produkt 134,Beskrivning för produkt 134,4504,Spel;Elektronik;Datorer
SKU-0135,Produkt 135,Beskrivning för produkt 135,4042,Böcker;Ljud;Sport
SKU-0136,Produkt 136,Beskrivning för produkt 136,3882,Elektronik;Spel;Böcker
SKU-0137,Produkt 137,Beskrivning för produkt 137,4219,Böcker
SKU-0138,Produkt 138,Beskrivning för produkt 138,4759,Hem & Kök
SKU-0139,Produkt 139,Beskrivning för produkt 139,3730,Hem & Kök;Mobiltelefoner
SKU-0140,Produkt 140,Beskrivning för produkt 140,1155,Spel
SKU-0141,Produkt 141,Beskrivning för produkt 141,3976,Ljud;Spel
SKU-0142,Produkt 142,Beskrivning för produkt 142,2109,Mobiltelefoner;Ljud
SKU-0143,Produkt 143,Beskrivning för produkt 143,4386,Spel
SKU-0144,Produkt 144,Beskrivning för produkt 144,122,Elektronik
SKU-0145,Produkt 145,Beskrivning för produkt 145,1212,Kläder;Hem & Kök;Datorer
SKU-0146,Produkt 146,Beskrivning för produkt 146,1411,Sport;Kläder;Tillbehör
SKU-0147,Produkt 147,Beskrivning för produkt 147,4038,Böcker;Mobiltelefoner
SKU-0148,Produkt 148,Beskrivning för produkt 148,2388,Mobiltelefoner;Elektronik;Tillbehör
SKU-0149,Produkt 149,Beskrivning för produkt 149,580,Hem & Kök;Kläder
SKU-0150,Produkt 150,Beskrivning för produkt 150,1232,Tillbehör;Elektronik;Kläder
SKU-0151,Produkt 151,Beskrivning för produkt 151,3844,Elektronik
SKU-0152,Produkt 152,Beskrivning för produkt 152,3205,Sport
SKU-0153,Produkt 153,Beskrivning för produkt 153,1864,Hem & Kök;Ljud
SKU-0154,Produkt 154,Beskrivning för produkt 154,1251,Spel;Tillbehör;Sport
SKU-0155,Produkt 155,Beskrivning för produkt 155,762,Datorer;Böcker
SKU-0156,Produkt 156,Beskrivning för produkt 156,2483,Datorer;Mobiltelefoner
SKU-0157,Produkt 157,Beskrivning för produkt 157,299,Mobiltelefoner;Spel;Hem & Kök
SKU-0158,Produkt 158,Beskrivning för produkt 158,2408,Datorer;Mobiltelefoner;Spel
SKU-0159,Produkt 159,Beskrivning för produkt 159,3592,Böcker
SKU-0160,Produkt 160,Beskrivning för produkt 160,1863,Ljud;Kläder
SKU-0161,Produkt 161,Beskrivning för produkt 161,4373,Datorer;Böcker;Ljud
SKU-0162,Produkt 162,Beskrivning för produkt 162,377,Ljud;Spel;Sport
SKU-0163,Produkt 163,Beskrivning för produkt 163,659,Spel;Datorer
SKU-0164,Produkt 164,Beskrivning för produkt 164,2908,Datorer
SKU-0165,Produkt 165,Beskrivning för produkt 165,139,Datorer
SKU-0166,Produkt 166,Beskrivning för produkt 166,2042,Kläder
SKU-0167,Produkt 167,Beskrivning för produkt 167,3074,Elektronik
SKU-0168,Produkt 168,Beskrivning för produkt 168,411,Datorer;Ljud;Tillbehör
SKU-0169,Produkt 169,Beskrivning för produkt 169,2114,Elektronik;Datorer
SKU-0170,Produkt 170,Beskrivning för produkt 170,578,Spel;Kläder;Hem & Kök
SKU-0171,Produkt 171,Beskrivning för produkt 171,838,Ljud;Hem & Kök;Tillbehör
SKU-0172,Produkt 172,Beskrivning för produkt 172,717,Sport;Spel;Mobiltelefoner
SKU-0173,Produkt 173,Beskrivning för produkt 173,4924,Kläder;Elektronik
SKU-0174,Produkt 174,Beskrivning för produkt 174,3612,Datorer;Spel;Kläder
SKU-0175,Produkt 175,Beskrivning för produkt 175,958,Ljud;Tillbehör;Hem & Kök
SKU-0176,Produkt 176,Beskrivning för produkt 176,2816,Hem & Kök;Kläder;Böcker
SKU-0177,Produkt 177,Beskrivning för produkt 177,1993,Ljud
SKU-0178,Produkt 178,Beskrivning för produkt 178,2277,Mobiltelefoner;Spel;Sport
SKU-0179,Produkt 179,Beskrivning för produkt 179,1234,Datorer;Böcker
SKU-0180,Produkt 180,Beskrivning för produkt 180,855,Mobiltelefoner;Böcker
SKU-0181,Produkt 181,Beskrivning för produkt 181,2644,Ljud;Böcker
SKU-0182,Produkt 182,Beskrivning för produkt 182,1284,Sport;Hem & Kök;Elektronik
SKU-0183,Produkt 183,Beskrivning för produkt 183,4942,Böcker
SKU-0184,Produkt 184,Beskrivning för produkt 184,580,Tillbehör
SKU-0185,Produkt 185,Beskrivning för produkt 185,900,Böcker;Datorer
SKU-0186,Produkt 186,Beskrivning för produkt 186,4794,Datorer;Mobiltelefoner
SKU-0187,Produkt 187,Beskrivning för produkt 187,2026,Mobiltelefoner;Kläder;Böcker
SKU-0188,Produkt 188,Beskrivning för produkt 188,2240,Sport;Datorer
SKU-0189,Produkt 189,Beskrivning för produkt 189,2910,Tillbehör;Kläder
SKU-0190,Produkt 190,Beskrivning för produkt 190,1958,Datorer;Elektronik;Hem & Kök
SKU-0191,Produkt 191,Beskrivning för produkt 191,3159,Mobiltelefoner;Datorer;Sport
SKU-0192,Produkt 192,Beskrivning för produkt 192,3574,Datorer;Spel;Ljud
SKU-0193,Produkt 193,Beskrivning för produkt 193,3793,Tillbehör
SKU-0194,Produkt 194,Beskrivning för produkt 194,4897,Datorer;Spel
SKU-0195,Produkt 195,Beskrivning för produkt 195,1723,Mobiltelefoner
SKU-0196,Produkt 196,Beskrivning för produkt 196,3048,Mobiltelefoner;Elektronik;Datorer
SKU-0197,Produkt 197,Beskrivning för produkt 197,2164,Spel;Mobiltelefoner
SKU-0198,Produkt 198,Beskrivning för produkt 198,3703,Ljud
SKU-0199,Produkt 199,Beskrivning för produkt 199,1706,Böcker;Datorer;Mobiltelefoner
SKU-0200,Produkt 200,Beskrivning för produkt 200,1292,Ljud;Elektronik
SKU-0201,Produkt 201,Beskrivning för produkt 201,4503,Kläder
SKU-0202,Produkt 202,Beskrivning för produkt 202,828,Hem & Kök;Mobiltelefoner;Ljud
SKU-0203,Produkt 203,Beskrivning för produkt 203,3268,Kläder;Ljud;Elektronik
SKU-0204,Produkt 204,Beskrivning för produkt 204,3339,Tillbehör;Kläder
SKU-0205,Produkt 205,Beskrivning för produkt 205,2462,Elektronik;Spel;Kläder
SKU-0206,Produkt 206,Beskrivning för produkt 206,821,Datorer
SKU-0207,Produkt 207,Beskrivning för produkt 207,2068,Spel
SKU-0208,Produkt 208,Beskrivning för produkt 208,252,Ljud
SKU-0209,Produkt 209,Beskrivning för produkt 209,1620,Mobiltelefoner
SKU-0210,Produkt 210,Beskrivning för produkt 210,4565,Hem & Kök
SKU-0211,Produkt 211,Beskrivning för produkt 211,721,Mobiltelefoner;Hem & Kök;Tillbehör
SKU-0212,Produkt 212,Beskrivning för produkt 212,3865,Sport
SKU-0213,Produkt 213,Beskrivning för produkt 213,3419,Mobiltelefoner;Datorer
SKU-0214,Produkt 214,Beskrivning för produkt 214,449,Sport;Tillbehör
SKU-0215,Produkt 215,Beskrivning för produkt 215,1584,Sport;Spel
SKU-0216,Produkt 216,Beskrivning för produkt 216,179,Hem & Kök;Sport;Spel
SKU-0217,Produkt 217,Beskrivning för produkt 217,2679,Kläder;Elektronik;Ljud
SKU-0218,Produkt 218,Beskrivning för produkt 218,1736,Ljud;Elektronik
SKU-0219,Produkt 219,Beskrivning för produkt 219,3082,Spel
SKU-0220,Produkt 220,Beskrivning för produkt 220,1604,Böcker;Datorer
SKU-0221,Produkt 221,Beskrivning för produkt 221,2680,Datorer;Böcker;Spel
SKU-0222,Produkt 222,Beskrivning för produkt 222,4320,Mobiltelefoner;Hem & Kök
SKU-0223,Produkt 223,Beskrivning för produkt 223,3961,Tillbehör;Ljud;Datorer
SKU-0224,Produkt 224,Beskrivning för produkt 224,4776,Datorer;Spel;Hem & Kök
SKU-0225,Produkt 225,Beskrivning för produkt 225,3088,Mobiltelefoner;Sport;Spel
SKU-0226,Produkt 226,Beskrivning för produkt 226,4402,Ljud;Elektronik;Hem & Kök
SKU-0227,Produkt 227,Beskrivning för produkt 227,1325,Sport
SKU-0228,Produkt 228,Beskrivning för produkt 228,94,Kläder
SKU-0229,Produkt 229,Beskrivning för produkt 229,2359,Hem & Kök
SKU-0230,Produkt 230,Beskrivning för produkt 230,4396,Datorer
SKU-0231,Produkt 231,Beskrivning för produkt 231,428,Hem & Kök
SKU-0232,Produkt 232,Beskrivning för produkt 232,4049,Datorer
SKU-0233,Produkt 233,Beskrivning för produkt 233,4516,Datorer;Spel;Ljud
SKU-0234,Produkt 234,Beskrivning för produkt 234,2040,Tillbehör
SKU-0235,Produkt 235,Beskrivning för produkt 235,1595,Datorer
SKU-0236,Produkt 236,Beskrivning för produkt 236,3300,Böcker;Hem & Kök;Ljud
SKU-0237,Produkt 237,Beskrivning för produkt 237,1052,Elektronik
SKU-0238,Produkt 238,Beskrivning för produkt 238,4506,Ljud
SKU-0239,Produkt 239,Beskrivning för produkt 239,2660,Spel;Hem & Kök;Ljud
SKU-0240,Produkt 240,Beskrivning för produkt 240,934,Datorer;Spel
SKU-0241,Produkt 241,Beskrivning för produkt 241,4486,Böcker
SKU-0242,Produkt 242,Beskrivning för produkt 242,1791,Mobiltelefoner
SKU-0243,Produkt 243,Beskrivning för produkt 243,4845,Ljud;Kläder
SKU-0244,Produkt 244,Beskrivning för produkt 244,1249,Sport;Hem & Kök
SKU-0245,Produkt 245,Beskrivning för produkt 245,4909,Sport;Böcker
SKU-0246,Produkt 246,Beskrivning för produkt 246,3510,Tillbehör;Kläder
SKU-0247,Produkt 247,Beskrivning för produkt 247,4502,Tillbehör
SKU-0248,Produkt 248,Beskrivning för produkt 248,1712,Spel
SKU-0249,Produkt 249,Beskrivning för produkt 249,2930,Kläder
SKU-0250,Produkt 250,Beskrivning för produkt 250,4113,Spel
SKU-0251,Produkt 251,Beskrivning för produkt 251,2236,Ljud;Sport;Elektronik
SKU-0252,Produkt 252,Beskrivning för produkt 252,1634,Tillbehör
SKU-0253,Produkt 253,Beskrivning för produkt 253,1217,Tillbehör;Elektronik;Datorer
SKU-0254,Produkt 254,Beskrivning för produkt 254,2449,Böcker;Hem & Kök;Mobiltelefoner
SKU-0255,Produkt 255,Beskrivning för produkt 255,1606,Hem & Kök
SKU-0256,Produkt 256,Beskrivning för produkt 256,513,Mobiltelefoner;Sport;Hem & Kök
SKU-0257,Produkt 257,Beskrivning för produkt 257,4904,Ljud;Mobiltelefoner;Kläder
SKU-0258,Produkt 258,Beskrivning för produkt 258,2506,Spel;Elektronik;Tillbehör
SKU-0259,Produkt 259,Beskrivning för produkt 259,1365,Ljud
SKU-0260,Produkt 260,Beskrivning för produkt 260,1732,Elektronik;Mobiltelefoner
SKU-0261,Produkt 261,Beskrivning för produkt 261,3270,Böcker;Spel
SKU-0262,Produkt 262,Beskrivning för produkt 262,3386,Hem & Kök;Spel
SKU-0263,Produkt 263,Beskrivning för produkt 263,920,Kläder;Mobiltelefoner;Ljud
SKU-0264,Produkt 264,Beskrivning för produkt 264,208,Spel
SKU-0265,Produkt 265,Beskrivning för produkt 265,285,Tillbehör
SKU-0266,Produkt 266,Beskrivning för produkt 266,2047,Hem & Kök;Sport;Mobiltelefoner
SKU-0267,Produkt 267,Beskrivning för produkt 267,2173,Hem & Kök;Sport
SKU-0268,Produkt 268,Beskrivning för produkt 268,1112,Tillbehör;Elektronik;Sport
SKU-0269,Produkt 269,Beskrivning för produkt 269,2817,Kläder;Böcker
SKU-0270,Produkt 270,Beskrivning för produkt 270,1895,Spel;Hem & Kök
SKU-0271,Produkt 271,Beskrivning för produkt 271,3458,Kläder;Elektronik
SKU-0272,Produkt 272,Beskrivning för produkt 272,4165,Mobiltelefoner;Spel
SKU-0273,Produkt 273,Beskrivning för produkt 273,2346,Mobiltelefoner;Ljud
SKU-0274,Produkt 274,Beskrivning för produkt 274,841,Elektronik;Ljud;Sport
SKU-0275,Produkt 275,Beskrivning för produkt 275,56,Elektronik
SKU-0276,Produkt 276,Beskrivning för produkt 276,3034,Tillbehör;Böcker
SKU-0277,Produkt 277,Beskrivning för produkt 277,4260,Böcker;Tillbehör;Datorer
SKU-0278,Produkt 278,Beskrivning för produkt 278,2929,Spel
SKU-0279,Produkt 279,Beskrivning för produkt 279,2775,Datorer;Ljud
SKU-0280,Produkt 280,Beskrivning för produkt 280,4415,Ljud;Böcker
SKU-0281,Produkt 281,Beskrivning för produkt 281,1343,Elektronik;Böcker
SKU-0282,Produkt 282,Beskrivning för produkt 282,1052,Datorer
SKU-0283,Produkt 283,Beskrivning för produkt 283,1971,Elektronik
SKU-0284,Produkt 284,Beskrivning för produkt 284,4368,Ljud;Datorer
SKU-0285,Produkt 285,Beskrivning för produkt 285,983,Mobiltelefoner;Ljud
SKU-0286,Produkt 286,Beskrivning för produkt 286,3116,Sport
SKU-0287,Produkt 287,Beskrivning för produkt 287,3525,Böcker;Kläder;Tillbehör
SKU-0288,Produkt 288,Beskrivning för produkt 288,3489,Elektronik
SKU-0289,Produkt 289,Beskrivning för produkt 289,2628,Spel;Kläder;Elektronik
SKU-0290,Produkt 290,Beskrivning för produkt 290,3312,Kläder;Hem & Kök;Böcker
SKU-0291,Produkt 291,Beskrivning för produkt 291,3212,Ljud;Tillbehör;Sport
SKU-0292,Produkt 292,Beskrivning för produkt 292,1072,Sport;Kläder
SKU-0293,Produkt 293,Beskrivning för produkt 293,2550,Hem & Kök;Datorer;Ljud
SKU-0294,Produkt 294,Beskrivning för produkt 294,2710,Böcker
SKU-0295,Produkt 295,Beskrivning för produkt 295,1427,Mobiltelefoner
SKU-0296,Produkt 296,Beskrivning för produkt 296,4878,Hem & Kök;Mobiltelefoner;Ljud
SKU-0297,Produkt 297,Beskrivning för produkt 297,665,Tillbehör
SKU-0298,Produkt 298,Beskrivning för produkt 298,2632,Tillbehör
SKU-0299,Produkt 299,Beskrivning för produkt 299,90,Spel;Elektronik;Böcker
SKU-0300,Produkt 300,Beskrivning för produkt 300,4837,Elektronik
SKU-0301,Produkt 301,Beskrivning för produkt 301,3345,Datorer
SKU-0302,Produkt 302,Beskrivning för produkt 302,1750,Kläder
SKU-0303,Produkt 303,Beskrivning för produkt 303,4821,Ljud
SKU-0304,Produkt 304,Beskrivning för produkt 304,186,Elektronik;Datorer;Mobiltelefoner
SKU-0305,Produkt 305,Beskrivning för produkt 305,4131,Datorer;Böcker;Elektronik
SKU-0306,Produkt 306,Beskrivning för produkt 306,896,Tillbehör;Spel;Kläder
SKU-0307,Produkt 307,Beskrivning för produkt 307,504,Sport;Mobiltelefoner
SKU-0308,Produkt 308,Beskrivning för produkt 308,2006,Elektronik
SKU-0309,Produkt 309,Beskrivning för produkt 309,383,Elektronik;Kläder
SKU-0310,Produkt 310,Beskrivning för produkt 310,4227,Hem & Kök;Sport
SKU-0311,Produkt 311,Beskrivning för produkt 311,1444,Tillbehör;Datorer
SKU-0312,Produkt 312,Beskrivning för produkt 312,3782,Hem & Kök
SKU-0313,Produkt 313,Beskrivning för produkt 313,719,Tillbehör
SKU-0314,Produkt 314,Beskrivning för produkt 314,2605,Elektronik
SKU-0315,Produkt 315,Beskrivning för produkt 315,4836,Sport
SKU-0316,Produkt 316,Beskrivning för produkt 316,4107,Kläder;Hem & Kök;Tillbehör
SKU-0317,Produkt 317,Beskrivning för produkt 317,1010,Datorer
SKU-0318,Produkt 318,Beskrivning för produkt 318,1852,Hem & Kök;Spel
SKU-0319,Produkt 319,Beskrivning för produkt 319,1859,Datorer
SKU-0320,Produkt 320,Beskrivning för produkt 320,4908,Elektronik;Datorer
SKU-0321,Produkt 321,Beskrivning för produkt 321,3038,Hem & Kök
SKU-0322,Produkt 322,Beskrivning för produkt 322,2183,Ljud
SKU-0323,Produkt 323,Beskrivning för produkt 323,3781,Spel;Elektronik;Böcker
SKU-0324,Produkt 324,Beskrivning för produkt 324,1975,Datorer
SKU-0325,Produkt 325,Beskrivning för produkt 325,3216,Spel
SKU-0326,Produkt 326,Beskrivning för produkt 326,594,Elektronik
SKU-0327,Produkt 327,Beskrivning för produkt 327,326,Elektronik;Hem & Kök
SKU-0328,Produkt 328,Beskrivning för produkt 328,3411,Tillbehör
SKU-0329,Produkt 329,Beskrivning för produkt 329,3416,Spel;Tillbehör;Elektronik
SKU-0330,Produkt 330,Beskrivning för produkt 330,3626,Datorer;Elektronik
SKU-0331,Produkt 331,Beskrivning för produkt 331,709,Kläder
SKU-0332,Produkt 332,Beskrivning för produkt 332,109,Böcker;Tillbehör;Spel
SKU-0333,Produkt 333,Beskrivning för produkt 333,1707,Kläder
SKU-0334,Produkt 334,Beskrivning för produkt 334,3385,Sport;Böcker
SKU-0335,Produkt 335,Beskrivning för produkt 335,4834,Elektronik
SKU-0336,Produkt 336,Beskrivning för produkt 336,3300,Tillbehör;Elektronik
SKU-0337,Produkt 337,Beskrivning för produkt 337,4062,Datorer;Kläder
SKU-0338,Produkt 338,Beskrivning för produkt 338,183,Datorer;Mobiltelefoner;Spel
SKU-0339,Produkt 339,Beskrivning för produkt 339,767,Tillbehör;Mobiltelefoner;Spel
SKU-0340,Produkt 340,Beskrivning för produkt 340,3388,Datorer;Kläder
SKU-0341,Produkt 341,Beskrivning för produkt 341,2861,Mobiltelefoner
SKU-0342,Produkt 342,Beskrivning för produkt 342,3381,Spel;Mobiltelefoner;Datorer
SKU-0343,Produkt 343,Beskrivning för produkt 343,4728,Elektronik;Datorer
SKU-0344,Produkt 344,Beskrivning för produkt 344,4999,Elektronik
SKU-0345,Produkt 345,Beskrivning för produkt 345,1571,Sport;Kläder;Tillbehör
SKU-0346,Produkt 346,Beskrivning för produkt 346,3597,Elektronik
SKU-0347,Produkt 347,Beskrivning för produkt 347,1451,Tillbehör;Mobiltelefoner;Kläder
SKU-0348,Produkt 348,Beskrivning för produkt 348,3845,Spel;Sport
SKU-0349,Produkt 349,Beskrivning för produkt 349,4662,Sport;Datorer
SKU-0350,Produkt 350,Beskrivning för produkt 350,3207,Elektronik;Kläder
SKU-0351,Produkt 351,Beskrivning för produkt 351,2421,Elektronik;Sport
SKU-0352,Produkt 352,Beskrivning för produkt 352,4994,Elektronik;Böcker;Kläder
SKU-0353,Produkt 353,Beskrivning för produkt 353,1907,Kläder
SKU-0354,Produkt 354,Beskrivning för produkt 354,3351,Ljud;Mobiltelefoner;Spel
SKU-0355,Produkt 355,Beskrivning för produkt 355,1398,Sport;Ljud;Kläder
SKU-0356,Produkt 356,Beskrivning för produkt 356,1636,Sport;Elektronik;Ljud
SKU-0357,Produkt 357,Beskrivning för produkt 357,2549,Böcker;Datorer
SKU-0358,Produkt 358,Beskrivning för produkt 358,4585,Datorer;Ljud
SKU-0359,Produkt 359,Beskrivning för produkt 359,4243,Mobiltelefoner;Elektronik
SKU-0360,Produkt 360,Beskrivning för produkt 360,1879,Ljud;Mobiltelefoner
SKU-0361,Produkt 361,Beskrivning för produkt 361,3427,Tillbehör
SKU-0362,Produkt 362,Beskrivning för produkt 362,2347,Hem & Kök;Mobiltelefoner;Kläder
SKU-0363,Produkt 363,Beskrivning för produkt 363,1425,Hem & Kök;Datorer
SKU-0364,Produkt 364,Beskrivning för produkt 364,2497,Datorer;Böcker
SKU-0365,Produkt 365,Beskrivning för produkt 365,2088,Mobiltelefoner;Datorer;Ljud
SKU-0366,Produkt 366,Beskrivning för produkt 366,2164,Hem & Kök;Datorer;Kläder
SKU-0367,Produkt 367,Beskrivning för produkt 367,1955,Ljud;Mobiltelefoner;Kläder
SKU-0368,Produkt 368,Beskrivning för produkt 368,2392,Spel;Böcker;Hem & Kök
SKU-0369,Produkt 369,Beskrivning för produkt 369,4452,Böcker;Sport;Datorer
SKU-0370,Produkt 370,Beskrivning för produkt 370,722,Spel
SKU-0371,Produkt 371,Beskrivning för produkt 371,3027,Tillbehör;Sport;Spel
SKU-0372,Produkt 372,Beskrivning för produkt 372,4835,Sport
SKU-0373,Produkt 373,Beskrivning för produkt 373,3403,Datorer
SKU-0374,Produkt 374,Beskrivning för produkt 374,2932,Böcker;Tillbehör
SKU-0375,Produkt 375,Beskrivning för produkt 375,3586,Mobiltelefoner;Datorer;Spel
SKU-0376,Produkt 376,Beskrivning för produkt 376,468,Mobiltelefoner
SKU-0377,Produkt 377,Beskrivning för produkt 377,1946,Hem & Kök
SKU-0378,Produkt 378,Beskrivning för produkt 378,825,Elektronik
SKU-0379,Produkt 379,Beskrivning för produkt 379,3839,Kläder
SKU-0380,Produkt 380,Beskrivning för produkt 380,4037,Tillbehör;Mobiltelefoner;Spel
SKU-0381,Produkt 381,Beskrivning för produkt 381,1521,Spel;Datorer
SKU-0382,Produkt 382,Beskrivning för produkt 382,4537,Datorer
SKU-0383,Produkt 383,Beskrivning för produkt 383,687,Kläder;Mobiltelefoner
SKU-0384,Produkt 384,Beskrivning för produkt 384,4853,Böcker
SKU-0385,Produkt 385,Beskrivning för produkt 385,4737,Kläder;Tillbehör;Ljud
SKU-0386,Produkt 386,Beskrivning för produkt 386,3063,Ljud
SKU-0387,Produkt 387,Beskrivning för produkt 387,4483,Tillbehör
SKU-0388,Produkt 388,Beskrivning för produkt 388,3484,Kläder
SKU-0389,Produkt 389,Beskrivning för produkt 389,3130,Sport;Kläder
SKU-0390,Produkt 390,Beskrivning för produkt 390,3158,Elektronik;Hem & Kök
SKU-0391,Produkt 391,Beskrivning för produkt 391,4888,Kläder;Böcker
SKU-0392,Produkt 392,Beskrivning för produkt 392,1792,Datorer
SKU-0393,Produkt 393,Beskrivning för produkt 393,3297,Elektronik;Mobiltelefoner
SKU-0394,Produkt 394,Beskrivning för produkt 394,1826,Elektronik;Kläder
SKU-0395,Produkt 395,Beskrivning för produkt 395,1269,Kläder;Elektronik
SKU-0396,Produkt 396,Beskrivning för produkt 396,1657,Sport
SKU-0397,Produkt 397,Beskrivning för produkt 397,923,Tillbehör
SKU-0398,Produkt 398,Beskrivning för produkt 398,844,Kläder;Böcker
SKU-0399,Produkt 399,Beskrivning för produkt 399,349,Ljud
SKU-0400,Produkt 400,Beskrivning för produkt 400,4818,Böcker;Sport
SKU-0401,Produkt 401,Beskrivning för produkt 401,2768,Hem & Kök
SKU-0402,Produkt 402,Beskrivning för produkt 402,580,Kläder;Böcker
SKU-0403,Produkt 403,Beskrivning för produkt 403,4377,Ljud;Sport
SKU-0404,Produkt 404,Beskrivning för produkt 404,2227,Hem & Kök;Kläder
SKU-0405,Produkt 405,Beskrivning för produkt 405,1242,Tillbehör;Sport
SKU-0406,Produkt 406,Beskrivning för produkt 406,3363,Kläder;Datorer;Elektronik
SKU-0407,Produkt 407,Beskrivning för produkt 407,1186,Böcker;Spel;Mobiltelefoner
SKU-0408,Produkt 408,Beskrivning för produkt 408,4835,Sport;Ljud
SKU-0409,Produkt 409,Beskrivning för produkt 409,2066,Böcker
SKU-0410,Produkt 410,Beskrivning för produkt 410,2067,Elektronik;Datorer
SKU-0411,Produkt 411,Beskrivning för produkt 411,1720,Sport;Ljud;Datorer
SKU-0412,Produkt 412,Beskrivning för produkt 412,4046,Mobiltelefoner
SKU-0413,Produkt 413,Beskrivning för produkt 413,1331,Datorer
SKU-0414,Produkt 414,Beskrivning för produkt 414,2793,Sport
SKU-0415,Produkt 415,Beskrivning för produkt 415,3017,Ljud;Elektronik;Böcker
SKU-0416,Produkt 416,Beskrivning för produkt 416,2086,Spel;Böcker;Kläder
SKU-0417,Produkt 417,Beskrivning för produkt 417,4392,Böcker;Elektronik;Sport
SKU-0418,Produkt 418,Beskrivning för produkt 418,2213,Mobiltelefoner;Elektronik;Tillbehör
SKU-0419,Produkt 419,Beskrivning för produkt 419,2088,Böcker
SKU-0420,Produkt 420,Beskrivning för produkt 420,692,Sport;Spel
SKU-0421,Produkt 421,Beskrivning för produkt 421,349,Elektronik
SKU-0422,Produkt 422,Beskrivning för produkt 422,237,Tillbehör
SKU-0423,Produkt 423,Beskrivning för produkt 423,4830,Sport;Hem & Kök;Spel
SKU-0424,Produkt 424,Beskrivning för produkt 424,2470,Ljud;Elektronik;Böcker
SKU-0425,Produkt 425,Beskrivning för produkt 425,4199,Sport
SKU-0426,Produkt 426,Beskrivning för produkt 426,4096,Spel
SKU-0427,Produkt 427,Beskrivning för produkt 427,3188,Hem & Kök
SKU-0428,Produkt 428,Beskrivning för produkt 428,1192,Kläder;Ljud;Böcker
SKU-0429,Produkt 429,Beskrivning för produkt 429,2870,Ljud;Hem & Kök;Sport
SKU-0430,Produkt 430,Beskrivning för produkt 430,2284,Ljud;Böcker;Spel
SKU-0431,Produkt 431,Beskrivning för produkt 431,3214,Sport;Kläder;Hem & Kök
SKU-0432,Produkt 432,Beskrivning för produkt 432,665,Mobiltelefoner;Spel;Ljud
SKU-0433,Produkt 433,Beskrivning för produkt 433,1433,Mobiltelefoner
SKU-0434,Produkt 434,Beskrivning för produkt 434,2489,Hem & Kök;Ljud
SKU-0435,Produkt 435,Beskrivning för produkt 435,1456,Mobiltelefoner;Ljud;Hem & Kök
SKU-0436,Produkt 436,Beskrivning för produkt 436,4100,Ljud;Elektronik
SKU-0437,Produkt 437,Beskrivning för produkt 437,4279,Tillbehör
SKU-0438,Produkt 438,Beskrivning för produkt 438,3878,Spel;Hem & Kök
SKU-0439,Produkt 439,Beskrivning för produkt 439,2574,Hem & Kök
SKU-0440,Produkt 440,Beskrivning för produkt 440,111,Ljud
SKU-0441,Produkt 441,Beskrivning för produkt 441,2135,Ljud;Böcker;Kläder
SKU-0442,Produkt 442,Beskrivning för produkt 442,3724,Ljud;Mobiltelefoner
SKU-0443,Produkt 443,Beskrivning för produkt 443,1628,Spel
SKU-0444,Produkt 444,Beskrivning för produkt 444,425,Sport;Datorer;Tillbehör
SKU-0445,Produkt 445,Beskrivning för produkt 445,2148,Hem & Kök;Mobiltelefoner
SKU-0446,Produkt 446,Beskrivning för produkt 446,4180,Spel;Datorer
SKU-0447,Produkt 447,Beskrivning för produkt 447,3456,Ljud
SKU-0448,Produkt 448,Beskrivning för produkt 448,1131,Sport;Böcker;Spel
SKU-0449,Produkt 449,Beskrivning för produkt 449,2735,Spel
SKU-0450,Produkt 450,Beskrivning för produkt 450,298,Datorer;Ljud;Mobiltelefoner
SKU-0451,Produkt 451,Beskrivning för produkt 451,4112,Sport
SKU-0452,Produkt 452,Beskrivning för produkt 452,1072,Datorer;Spel
SKU-0453,Produkt 453,Beskrivning för produkt 453,2083,Böcker;Elektronik;Ljud
SKU-0454,Produkt 454,Beskrivning för produkt 454,1200,Böcker;Spel;Hem & Kök
SKU-0455,Produkt 455,Beskrivning för produkt 455,189,Ljud
SKU-0456,Produkt 456,Beskrivning för produkt 456,523,Böcker
SKU-0457,Produkt 457,Beskrivning för produkt 457,603,Böcker;Elektronik;Kläder
SKU-0458,Produkt 458,Beskrivning för produkt 458,931,Hem & Kök;Elektronik
SKU-0459,Produkt 459,Beskrivning för produkt 459,4349,Ljud
SKU-0460,Produkt 460,Beskrivning för produkt 460,3662,Spel
SKU-0461,Produkt 461,Beskrivning för produkt 461,2716,Ljud
SKU-0462,Produkt 462,Beskrivning för produkt 462,1310,Spel;Kläder;Elektronik
SKU-0463,Produkt 463,Beskrivning för produkt 463,1414,Mobiltelefoner;Ljud;Datorer
SKU-0464,Produkt 464,Beskrivning för produkt 464,4942,Mobiltelefoner;Ljud;Spel
SKU-0465,Produkt 465,Beskrivning för produkt 465,344,Spel;Elektronik
SKU-0466,Produkt 466,Beskrivning för produkt 466,358,Sport;Böcker
SKU-0467,Produkt 467,Beskrivning för produkt 467,2250,Spel;Sport;Mobiltelefoner
SKU-0468,Produkt 468,Beskrivning för produkt 468,1949,Mobiltelefoner
SKU-0469,Produkt 469,Beskrivning för produkt 469,1766,Mobiltelefoner
SKU-0470,Produkt 470,Beskrivning för produkt 470,1375,Tillbehör
SKU-0471,Produkt 471,Beskrivning för produkt 471,4958,Hem & Kök;Elektronik;Kläder
SKU-0472,Produkt 472,Beskrivning för produkt 472,858,Kläder
SKU-0473,Produkt 473,Beskrivning för produkt 473,1550,Böcker;Ljud;Elektronik
SKU-0474,Produkt 474,Beskrivning för produkt 474,3557,Mobiltelefoner
SKU-0475,Produkt 475,Beskrivning för produkt 475,3950,Mobiltelefoner;Tillbehör
SKU-0476,Produkt 476,Beskrivning för produkt 476,4899,Sport
SKU-0477,Produkt 477,Beskrivning för produkt 477,3221,Ljud;Mobiltelefoner
SKU-0478,Produkt 478,Beskrivning för produkt 478,3816,Böcker
SKU-0479,Produkt 479,Beskrivning för produkt 479,2313,Böcker;Ljud
SKU-0480,Produkt 480,Beskrivning för produkt 480,773,Kläder;Mobiltelefoner;Spel
SKU-0481,Produkt 481,Beskrivning för produkt 481,1539,Sport;Spel
SKU-0482,Produkt 482,Beskrivning för produkt 482,4677,Böcker;Spel;Sport
SKU-0483,Produkt 483,Beskrivning för produkt 483,1755,Sport;Kläder
SKU-0484,Produkt 484,Beskrivning för produkt 484,3279,Tillbehör;Datorer
SKU-0485,Produkt 485,Beskrivning för produkt 485,3672,Kläder
SKU-0486,Produkt 486,Beskrivning för produkt 486,3890,Mobiltelefoner;Spel
SKU-0487,Produkt 487,Beskrivning för produkt 487,3729,Tillbehör;Böcker
SKU-0488,Produkt 488,Beskrivning för produkt 488,2134,Ljud;Datorer
SKU-0489,Produkt 489,Beskrivning för produkt 489,1716,Elektronik;Tillbehör;Hem & Kök
SKU-0490,Produkt 490,Beskrivning för produkt 490,3810,Datorer;Elektronik;Tillbehör
SKU-0491,Produkt 491,Beskrivning för produkt 491,4845,Kläder
SKU-0492,Produkt 492,Beskrivning för produkt 492,126,Mobiltelefoner
SKU-0493,Produkt 493,Beskrivning för produkt 493,2024,Mobiltelefoner;Tillbehör
SKU-0494,Produkt 494,Beskrivning för produkt 494,2367,Mobiltelefoner;Elektronik;Tillbehör
SKU-0495,Produkt 495,Beskrivning för produkt 495,846,Ljud;Kläder;Böcker
SKU-0496,Produkt 496,Beskrivning för produkt 496,1113,Hem & Kök
SKU-0497,Produkt 497,Beskrivning för produkt 497,4212,Böcker;Tillbehör;Elektronik
SKU-0498,Produkt 498,Beskrivning för produkt 498,4527,Datorer;Elektronik
SKU-0499,Produkt 499,Beskrivning för produkt 499,2332,Böcker;Hem & Kök
SKU-0500,Produkt 500,Beskrivning för produkt 500,3557,Spel;Kläder;Mobiltelefoner
SKU-0501,Produkt 501,Beskrivning för produkt 501,1898,Sport
SKU-0502,Produkt 502,Beskrivning för produkt 502,2929,Sport;Hem & Kök
SKU-0503,Produkt 503,Beskrivning för produkt 503,1848,Elektronik
SKU-0504,Produkt 504,Beskrivning för produkt 504,1915,Mobiltelefoner;Sport;Böcker
SKU-0505,Produkt 505,Beskrivning för produkt 505,582,Ljud;Böcker;Mobiltelefoner
SKU-0506,Produkt 506,Beskrivning för produkt 506,3972,Mobiltelefoner
SKU-0507,Produkt 507,Beskrivning för produkt 507,2040,Spel;Tillbehör;Sport
SKU-0508,Produkt 508,Beskrivning för produkt 508,2303,Ljud
SKU-0509,Produkt 509,Beskrivning för produkt 509,1838,Kläder;Ljud
SKU-0510,Produkt 510,Beskrivning för produkt 510,1402,Elektronik;Tillbehör;Sport
SKU-0511,Produkt 511,Beskrivning för produkt 511,1771,Sport;Hem & Kök
SKU-0512,Produkt 512,Beskrivning för produkt 512,559,Elektronik;Hem & Kök;Kläder
SKU-0513,Produkt 513,Beskrivning för produkt 513,1615,Sport;Tillbehör
SKU-0514,Produkt 514,Beskrivning för produkt 514,1323,Sport
SKU-0515,Produkt 515,Beskrivning för produkt 515,3614,Spel;Elektronik;Datorer
SKU-0516,Produkt 516,Beskrivning för produkt 516,4073,Mobiltelefoner;Sport;Kläder
SKU-0517,Produkt 517,Beskrivning för produkt 517,588,Kläder
SKU-0518,Produkt 518,Beskrivning för produkt 518,290,Ljud;Datorer
SKU-0519,Produkt 519,Beskrivning för produkt 519,4410,Böcker
SKU-0520,Produkt 520,Beskrivning för produkt 520,4663,Tillbehör
SKU-0521,Produkt 521,Beskrivning för produkt 521,4466,Spel
SKU-0522,Produkt 522,Beskrivning för produkt 522,2893,Elektronik;Hem & Kök
SKU-0523,Produkt 523,Beskrivning för produkt 523,2675,Elektronik
SKU-0524,Produkt 524,Beskrivning för produkt 524,2542,Tillbehör;Elektronik;Datorer
SKU-0525,Produkt 525,Beskrivning för produkt 525,3626,Datorer
SKU-0526,Produkt 526,Beskrivning för produkt 526,896,Kläder;Tillbehör;Ljud
SKU-0527,Produkt 527,Beskrivning för produkt 527,2742,Spel;Ljud;Tillbehör
SKU-0528,Produkt 528,Beskrivning för produkt 528,2202,Spel
SKU-0529,Produkt 529,Beskrivning för produkt 529,415,Mobiltelefoner;Kläder;Hem & Kök
SKU-0530,Produkt 530,Beskrivning för produkt 530,3711,Hem & Kök;Tillbehör
SKU-0531,Produkt 531,Beskrivning för produkt 531,1710,Böcker;Elektronik
SKU-0532,Produkt 532,Beskrivning för produkt 532,1643,Hem & Kök;Ljud
SKU-0533,Produkt 533,Beskrivning för produkt 533,1314,Spel
SKU-0534,Produkt 534,Beskrivning för produkt 534,1412,Tillbehör;Sport;Ljud
SKU-0535,Produkt 535,Beskrivning för produkt 535,2703,Böcker;Mobiltelefoner;Datorer
SKU-0536,Produkt 536,Beskrivning för produkt 536,2159,Ljud
SKU-0537,Produkt 537,Beskrivning för produkt 537,1987,Mobiltelefoner;Elektronik
SKU-0538,Produkt 538,Beskrivning för produkt 538,4789,Spel;Kläder
SKU-0539,Produkt 539,Beskrivning för produkt 539,4451,Datorer
SKU-0540,Produkt 540,Beskrivning för produkt 540,4805,Spel;Böcker;Ljud
SKU-0541,Produkt 541,Beskrivning för produkt 541,4106,Ljud;Hem & Kök
SKU-0542,Produkt 542,Beskrivning för produkt 542,344,Tillbehör;Spel
SKU-0543,Produkt 543,Beskrivning för produkt 543,4397,Mobiltelefoner
SKU-0544,Produkt 544,Beskrivning för produkt 544,2682,Elektronik;Hem & Kök;Tillbehör
SKU-0545,Produkt 545,Beskrivning för produkt 545,4763,Hem & Kök;Ljud;Datorer
SKU-0546,Produkt 546,Beskrivning för produkt 546,1931,Böcker
SKU-0547,Produkt 547,Beskrivning för produkt 547,2359,Sport;Böcker;Mobiltelefoner
SKU-0548,Produkt 548,Beskrivning för produkt 548,3399,Elektronik;Spel
SKU-0549,Produkt 549,Beskrivning för produkt 549,4621,Mobiltelefoner;Hem & Kök;Spel
SKU-0550,Produkt 550,Beskrivning för produkt 550,3512,Tillbehör
SKU-0551,Produkt 551,Beskrivning för produkt 551,1675,Sport;Spel;Elektronik
SKU-0552,Produkt 552,Beskrivning för produkt 552,1929,Mobiltelefoner
SKU-0553,Produkt 553,Beskrivning för produkt 553,1831,Elektronik;Tillbehör
SKU-0554,Produkt 554,Beskrivning för produkt 554,2820,Tillbehör
SKU-0555,Produkt 555,Beskrivning för produkt 555,1448,Elektronik;Spel
SKU-0556,Produkt 556,Beskrivning för produkt 556,4732,Spel
SKU-0557,Produkt 557,Beskrivning för produkt 557,4442,Kläder;Sport
SKU-0558,Produkt 558,Beskrivning för produkt 558,4102,Mobiltelefoner;Böcker;Kläder
SKU-0559,Produkt 559,Beskrivning för produkt 559,1551,Hem & Kök;Böcker;Sport
SKU-0560,Produkt 560,Beskrivning för produkt 560,262,Datorer;Mobiltelefoner;Ljud
SKU-0561,Produkt 561,Beskrivning för produkt 561,3547,Sport;Hem & Kök
SKU-0562,Produkt 562,Beskrivning för produkt 562,1851,Böcker
SKU-0563,Produkt 563,Beskrivning för produkt 563,229,Hem & Kök;Tillbehör;Sport
SKU-0564,Produkt 564,Beskrivning för produkt 564,819,Tillbehör
SKU-0565,Produkt 565,Beskrivning för produkt 565,1145,Datorer
SKU-0566,Produkt 566,Beskrivning för produkt 566,2159,Elektronik;Kläder
SKU-0567,Produkt 567,Beskrivning för produkt 567,2926,Hem & Kök;Sport;Mobiltelefoner
SKU-0568,Produkt 568,Beskrivning för produkt 568,3352,Spel;Mobiltelefoner;Kläder
SKU-0569,Produkt 569,Beskrivning för produkt 569,4075,Sport
SKU-0570,Produkt 570,Beskrivning för produkt 570,1269,Kläder;Ljud;Spel
SKU-0571,Produkt 571,Beskrivning för produkt 571,3001,Mobiltelefoner;Spel
SKU-0572,Produkt 572,Beskrivning för produkt 572,758,Ljud;Tillbehör;Datorer
SKU-0573,Produkt 573,Beskrivning för produkt 573,1894,Ljud;Datorer
SKU-0574,Produkt 574,Beskrivning för produkt 574,1677,Ljud
SKU-0575,Produkt 575,Beskrivning för produkt 575,2269,Mobiltelefoner
SKU-0576,Produkt 576,Beskrivning för produkt 576,650,Kläder;Spel;Tillbehör
SKU-0577,Produkt 577,Beskrivning för produkt 577,482,Böcker;Mobiltelefoner
SKU-0578,Produkt 578,Beskrivning för produkt 578,2170,Hem & Kök;Datorer
SKU-0579,Produkt 579,Beskrivning för produkt 579,107,Tillbehör;Böcker
SKU-0580,Produkt 580,Beskrivning för produkt 580,2780,Elektronik;Sport;Tillbehör
SKU-0581,Produkt 581,Beskrivning för produkt 581,3447,Mobiltelefoner;Kläder
SKU-0582,Produkt 582,Beskrivning för produkt 582,556,Elektronik
SKU-0583,Produkt 583,Beskrivning för produkt 583,3156,Kläder;Mobiltelefoner
SKU-0584,Produkt 584,Beskrivning för produkt 584,1878,Elektronik
SKU-0585,Produkt 585,Beskrivning för produkt 585,1150,Tillbehör
SKU-0586,Produkt 586,Beskrivning för produkt 586,4673,Elektronik;Kläder;Ljud
SKU-0587,Produkt 587,Beskrivning för produkt 587,3460,Hem & Kök;Elektronik
SKU-0588,Produkt 588,Beskrivning för produkt 588,4464,Datorer;Kläder;Tillbehör
SKU-0589,Produkt 589,Beskrivning för produkt 589,3306,Datorer;Spel;Tillbehör
SKU-0590,Produkt 590,Beskrivning för produkt 590,1463,Hem & Kök;Tillbehör
SKU-0591,Produkt 591,Beskrivning för produkt 591,1426,Kläder
SKU-0592,Produkt 592,Beskrivning för produkt 592,2395,Elektronik;Datorer
SKU-0593,Produkt 593,Beskrivning för produkt 593,4512,Elektronik;Hem & Kök;Spel
SKU-0594,Produkt 594,Beskrivning för produkt 594,2461,Kläder;Böcker;Ljud
SKU-0595,Produkt 595,Beskrivning för produkt 595,1411,Kläder;Böcker;Hem & Kök
SKU-0596,Produkt 596,Beskrivning för produkt 596,4485,Datorer;Spel;Kläder
SKU-0597,Produkt 597,Beskrivning för produkt 597,3409,Tillbehör;Ljud;Sport
SKU-0598,Produkt 598,Beskrivning för produkt 598,1342,Böcker;Tillbehör;Kläder
SKU-0599,Produkt 599,Beskrivning för produkt 599,4518,Mobiltelefoner
SKU-0600,Produkt 600,Beskrivning för produkt 600,1307,Kläder
SKU-0601,Produkt 601,Beskrivning för produkt 601,4123,Kläder
SKU-0602,Produkt 602,Beskrivning för produkt 602,3651,Kläder
SKU-0603,Produkt 603,Beskrivning för produkt 603,1280,Datorer
SKU-0604,Produkt 604,Beskrivning för produkt 604,3858,Mobiltelefoner;Kläder
SKU-0605,Produkt 605,Beskrivning för produkt 605,797,Mobiltelefoner;Kläder
SKU-0606,Produkt 606,Beskrivning för produkt 606,3290,Spel;Datorer
SKU-0607,Produkt 607,Beskrivning för produkt 607,1186,Ljud;Mobiltelefoner;Elektronik
SKU-0608,Produkt 608,Beskrivning för produkt 608,3245,Ljud
SKU-0609,Produkt 609,Beskrivning för produkt 609,1384,Böcker
SKU-0610,Produkt 610,Beskrivning för produkt 610,2391,Ljud
SKU-0611,Produkt 611,Beskrivning för produkt 611,3761,Spel
SKU-0612,Produkt 612,Beskrivning för produkt 612,110,Sport
SKU-0613,Produkt 613,Beskrivning för produkt 613,1261,Hem & Kök;Spel
SKU-0614,Produkt 614,Beskrivning för produkt 614,4113,Kläder;Sport;Datorer
SKU-0615,Produkt 615,Beskrivning för produkt 615,1828,Hem & Kök;Spel;Datorer
SKU-0616,Produkt 616,Beskrivning för produkt 616,1953,Mobiltelefoner
SKU-0617,Produkt 617,Beskrivning för produkt 617,2236,Ljud;Böcker
SKU-0618,Produkt 618,Beskrivning för produkt 618,905,Kläder;Mobiltelefoner;Böcker
SKU-0619,Produkt 619,Beskrivning för produkt 619,4495,Datorer
SKU-0620,Produkt 620,Beskrivning för produkt 620,281,Datorer;Tillbehör;Mobiltelefoner
SKU-0621,Produkt 621,Beskrivning för produkt 621,4527,Elektronik
SKU-0622,Produkt 622,Beskrivning för produkt 622,2800,Spel
SKU-0623,Produkt 623,Beskrivning för produkt 623,2341,Böcker
SKU-0624,Produkt 624,Beskrivning för produkt 624,1996,Ljud;Tillbehör;Kläder
SKU-0625,Produkt 625,Beskrivning för produkt 625,417,Böcker;Sport
SKU-0626,Produkt 626,Beskrivning för produkt 626,3966,Ljud;Sport
SKU-0627,Produkt 627,Beskrivning för produkt 627,2677,Ljud
SKU-0628,Produkt 628,Beskrivning för produkt 628,3876,Datorer
SKU-0629,Produkt 629,Beskrivning för produkt 629,545,Hem & Kök;Tillbehör
SKU-0630,Produkt 630,Beskrivning för produkt 630,4630,Ljud;Sport
SKU-0631,Produkt 631,Beskrivning för produkt 631,1718,Elektronik
SKU-0632,Produkt 632,Beskrivning för produkt 632,1634,Tillbehör;Hem & Kök
SKU-0633,Produkt 633,Beskrivning för produkt 633,2355,Ljud;Mobiltelefoner
SKU-0634,Produkt 634,Beskrivning för produkt 634,2897,Ljud;Mobiltelefoner;Sport
SKU-0635,Produkt 635,Beskrivning för produkt 635,3979,Spel;Böcker;Mobiltelefoner
SKU-0636,Produkt 636,Beskrivning för produkt 636,2294,Spel;Elektronik
SKU-0637,Produkt 637,Beskrivning för produkt 637,4666,Elektronik;Spel;Kläder
SKU-0638,Produkt 638,Beskrivning för produkt 638,1578,Mobiltelefoner;Datorer;Tillbehör
SKU-0639,Produkt 639,Beskrivning för produkt 639,221,Hem & Kök
SKU-0640,Produkt 640,Beskrivning för produkt 640,3753,Kläder;Mobiltelefoner
SKU-0641,Produkt 641,Beskrivning för produkt 641,3799,Mobiltelefoner;Sport
SKU-0642,Produkt 642,Beskrivning för produkt 642,2527,Datorer;Hem & Kök;Ljud
SKU-0643,Produkt 643,Beskrivning för produkt 643,1857,Tillbehör
SKU-0644,Produkt 644,Beskrivning för produkt 644,2175,Elektronik;Mobiltelefoner
SKU-0645,Produkt 645,Beskrivning för produkt 645,1525,Elektronik;Datorer
SKU-0646,Produkt 646,Beskrivning för produkt 646,3549,Tillbehör;Kläder;Elektronik
SKU-0647,Produkt 647,Beskrivning för produkt 647,1980,Spel;Kläder;Hem & Kök
SKU-0648,Produkt 648,Beskrivning för produkt 648,731,Tillbehör;Elektronik;Böcker
SKU-0649,Produkt 649,Beskrivning för produkt 649,2832,Hem & Kök;Datorer
SKU-0650,Produkt 650,Beskrivning för produkt 650,1723,Kläder;Datorer;Spel
SKU-0651,Produkt 651,Beskrivning för produkt 651,653,Mobiltelefoner
SKU-0652,Produkt 652,Beskrivning för produkt 652,2308,Hem & Kök
SKU-0653,Produkt 653,Beskrivning för produkt 653,4955,Böcker;Tillbehör
SKU-0654,Produkt 654,Beskrivning för produkt 654,842,Sport;Mobiltelefoner
SKU-0655,Produkt 655,Beskrivning för produkt 655,4934,Hem & Kök;Elektronik;Ljud
SKU-0656,Produkt 656,Beskrivning för produkt 656,1364,Böcker;Mobiltelefoner
SKU-0657,Produkt 657,Beskrivning för produkt 657,4991,Tillbehör
SKU-0658,Produkt 658,Beskrivning för produkt 658,1070,Sport
SKU-0659,Produkt 659,Beskrivning för produkt 659,1966,Spel;Böcker
SKU-0660,Produkt 660,Beskrivning för produkt 660,3023,Sport;Tillbehör
SKU-0661,Produkt 661,Beskrivning för produkt 661,494,Spel;Sport;Kläder
SKU-0662,Produkt 662,Beskrivning för produkt 662,2009,Hem & Kök
SKU-0663,Produkt 663,Beskrivning för produkt 663,3831,Elektronik;Ljud
SKU-0664,Produkt 664,Beskrivning för produkt 664,3767,Spel;Elektronik
SKU-0665,Produkt 665,Beskrivning för produkt 665,1506,Datorer;Mobiltelefoner;Böcker
SKU-0666,Produkt 666,Beskrivning för produkt 666,2127,Hem & Kök;Kläder
SKU-0667,Produkt 667,Beskrivning för produkt 667,1990,Tillbehör
SKU-0668,Produkt 668,Beskrivning för produkt 668,3324,Sport;Elektronik;Tillbehör
SKU-0669,Produkt 669,Beskrivning för produkt 669,1989,Kläder;Hem & Kök
SKU-0670,Produkt 670,Beskrivning för produkt 670,3491,Tillbehör;Hem & Kök;Böcker
SKU-0671,Produkt 671,Beskrivning för produkt 671,2576,Spel
SKU-0672,Produkt 672,Beskrivning för produkt 672,4795,Kläder;Böcker;Mobiltelefoner
SKU-0673,Produkt 673,Beskrivning för produkt 673,3697,Ljud;Böcker;Datorer
SKU-0674,Produkt 674,Beskrivning för produkt 674,724,Sport;Ljud;Datorer
SKU-0675,Produkt 675,Beskrivning för produkt 675,1103,Kläder;Mobiltelefoner
SKU-0676,Produkt 676,Beskrivning för produkt 676,92,Elektronik;Datorer
SKU-0677,Produkt 677,Beskrivning för produkt 677,3484,Spel;Tillbehör;Hem & Kök
SKU-0678,Produkt 678,Beskrivning för produkt 678,4202,Tillbehör;Datorer
SKU-0679,Produkt 679,Beskrivning för produkt 679,3151,Spel
SKU-0680,Produkt 680,Beskrivning för produkt 680,1310,Ljud;Kläder;Hem & Kök
SKU-0681,Produkt 681,Beskrivning för produkt 681,2844,Spel;Datorer
SKU-0682,Produkt 682,Beskrivning för produkt 682,962,Hem & Kök;Sport
SKU-0683,Produkt 683,Beskrivning för produkt 683,1400,Datorer;Elektronik;Kläder
SKU-0684,Produkt 684,Beskrivning för produkt 684,4739,Sport;Mobiltelefoner;Böcker
SKU-0685,Produkt 685,Beskrivning för produkt 685,1086,Kläder;Datorer;Mobiltelefoner
SKU-0686,Produkt 686,Beskrivning för produkt 686,4460,Tillbehör;Ljud
SKU-0687,Produkt 687,Beskrivning för produkt 687,3174,Ljud;Spel
SKU-0688,Produkt 688,Beskrivning för produkt 688,146,Spel;Mobiltelefoner;Elektronik
SKU-0689,Produkt 689,Beskrivning för produkt 689,714,Hem & Kök;Sport
SKU-0690,Produkt 690,Beskrivning för produkt 690,4098,Tillbehör;Sport;Böcker
SKU-0691,Produkt 691,Beskrivning för produkt 691,4640,Tillbehör;Spel;Datorer
SKU-0692,Produkt 692,Beskrivning för produkt 692,1037,Mobiltelefoner;Sport
SKU-0693,Produkt 693,Beskrivning för produkt 693,2565,Spel;Datorer;Sport
SKU-0694,Produkt 694,Beskrivning för produkt 694,3740,Mobiltelefoner;Hem & Kök
SKU-0695,Produkt 695,Beskrivning för produkt 695,4633,Elektronik
SKU-0696,Produkt 696,Beskrivning för produkt 696,1941,Datorer;Tillbehör
SKU-0697,Produkt 697,Beskrivning för produkt 697,3668,Datorer;Sport;Mobiltelefoner
SKU-0698,Produkt 698,Beskrivning för produkt 698,1277,Kläder
SKU-0699,Produkt 699,Beskrivning för produkt 699,1905,Hem & Kök;Tillbehör;Mobiltelefoner
SKU-0700,Produkt 700,Beskrivning för produkt 700,3927,Sport
SKU-0701,Produkt 701,Beskrivning för produkt 701,4135,Ljud
SKU-0702,Produkt 702,Beskrivning för produkt 702,4344,Tillbehör;Sport
SKU-0703,Produkt 703,Beskrivning för produkt 703,4517,Ljud;Böcker
SKU-0704,Produkt 704,Beskrivning för produkt 704,3516,Datorer
SKU-0705,Produkt 705,Beskrivning för produkt 705,2407,Datorer;Spel;Elektronik
SKU-0706,Produkt 706,Beskrivning för produkt 706,4588,Spel;Kläder;Böcker
SKU-0707,Produkt 707,Beskrivning för produkt 707,2768,Tillbehör
SKU-0708,Produkt 708,Beskrivning för produkt 708,4333,Mobiltelefoner
SKU-0709,Produkt 709,Beskrivning för produkt 709,560,Kläder
SKU-0710,Produkt 710,Beskrivning för produkt 710,2365,Mobiltelefoner
SKU-0711,Produkt 711,Beskrivning för produkt 711,327,Kläder
SKU-0712,Produkt 712,Beskrivning för produkt 712,883,Kläder;Tillbehör;Spel
SKU-0713,Produkt 713,Beskrivning för produkt 713,1493,Hem & Kök
SKU-0714,Produkt 714,Beskrivning för produkt 714,1584,Ljud;Mobiltelefoner
SKU-0715,Produkt 715,Beskrivning för produkt 715,270,Kläder;Hem & Kök
SKU-0716,Produkt 716,Beskrivning för produkt 716,4791,Sport
SKU-0717,Produkt 717,Beskrivning för produkt 717,794,Sport;Elektronik;Böcker
SKU-0718,Produkt 718,Beskrivning för produkt 718,2433,Spel;Elektronik
SKU-0719,Produkt 719,Beskrivning för produkt 719,1559,Datorer;Elektronik;Ljud
SKU-0720,Produkt 720,Beskrivning för produkt 720,2732,Tillbehör
SKU-0721,Produkt 721,Beskrivning för produkt 721,4605,Mobiltelefoner;Datorer
SKU-0722,Produkt 722,Beskrivning för produkt 722,1237,Böcker;Mobiltelefoner;Elektronik
SKU-0723,Produkt 723,Beskrivning för produkt 723,3634,Kläder;Ljud;Elektronik
SKU-0724,Produkt 724,Beskrivning för produkt 724,1938,Kläder
SKU-0725,Produkt 725,Beskrivning för produkt 725,315,Ljud
SKU-0726,Produkt 726,Beskrivning för produkt 726,931,Kläder
SKU-0727,Produkt 727,Beskrivning för produkt 727,4137,Sport
SKU-0728,Produkt 728,Beskrivning för produkt 728,3741,Sport;Mobiltelefoner;Datorer
SKU-0729,Produkt 729,Beskrivning för produkt 729,3420,Mobiltelefoner;Hem & Kök
SKU-0730,Produkt 730,Beskrivning för produkt 730,4152,Datorer
SKU-0731,Produkt 731,Beskrivning för produkt 731,2326,Datorer
SKU-0732,Produkt 732,Beskrivning för produkt 732,4549,Elektronik;Hem & Kök;Kläder
SKU-0733,Produkt 733,Beskrivning för produkt 733,450,Sport;Mobiltelefoner
SKU-0734,Produkt 734,Beskrivning för produkt 734,2122,Sport;Tillbehör
SKU-0735,Produkt 735,Beskrivning för produkt 735,2700,Mobiltelefoner;Tillbehör
SKU-0736,Produkt 736,Beskrivning för produkt 736,3163,Sport;Mobiltelefoner
SKU-0737,Produkt 737,Beskrivning för produkt 737,3279,Ljud
SKU-0738,Produkt 738,Beskrivning för produkt 738,4312,Mobiltelefoner
SKU-0739,Produkt 739,Beskrivning för produkt 739,3063,Datorer;Böcker
SKU-0740,Produkt 740,Beskrivning för produkt 740,3677,Spel;Elektronik;Datorer
SKU-0741,Produkt 741,Beskrivning för produkt 741,1520,Spel;Hem & Kök
SKU-0742,Produkt 742,Beskrivning för produkt 742,4713,Ljud;Elektronik;Böcker
SKU-0743,Produkt 743,Beskrivning för produkt 743,1998,Spel;Hem & Kök;Böcker
SKU-0744,Produkt 744,Beskrivning för produkt 744,3187,Datorer;Tillbehör;Hem & Kök
SKU-0745,Produkt 745,Beskrivning för produkt 745,2961,Datorer;Böcker
SKU-0746,Produkt 746,Beskrivning för produkt 746,2714,Ljud;Elektronik;Tillbehör
SKU-0747,Produkt 747,Beskrivning för produkt 747,2497,Hem & Kök
SKU-0748,Produkt 748,Beskrivning för produkt 748,4554,Hem & Kök;Elektronik
SKU-0749,Produkt 749,Beskrivning för produkt 749,2461,Mobiltelefoner;Ljud;Böcker
SKU-0750,Produkt 750,Beskrivning för produkt 750,2445,Sport;Spel
SKU-0751,Produkt 751,Beskrivning för produkt 751,4600,Hem & Kök;Elektronik
SKU-0752,Produkt 752,Beskrivning för produkt 752,2822,Kläder;Datorer
SKU-0753,Produkt 753,Beskrivning för produkt 753,3311,Mobiltelefoner;Hem & Kök
SKU-0754,Produkt 754,Beskrivning för produkt 754,2845,Spel
SKU-0755,Produkt 755,Beskrivning för produkt 755,4149,Kläder;Böcker
SKU-0756,Produkt 756,Beskrivning för produkt 756,3286,Elektronik
SKU-0757,Produkt 757,Beskrivning för produkt 757,2607,Elektronik;Datorer
SKU-0758,Produkt 758,Beskrivning för produkt 758,3676,Ljud
SKU-0759,Produkt 759,Beskrivning för produkt 759,947,Mobiltelefoner;Böcker;Hem & Kök
SKU-0760,Produkt 760,Beskrivning för produkt 760,1656,Datorer;Tillbehör
SKU-0761,Produkt 761,Beskrivning för produkt 761,1388,Tillbehör
SKU-0762,Produkt 762,Beskrivning för produkt 762,830,Sport
SKU-0763,Produkt 763,Beskrivning för produkt 763,2650,Hem & Kök
SKU-0764,Produkt 764,Beskrivning för produkt 764,1431,Kläder;Sport
SKU-0765,Produkt 765,Beskrivning för produkt 765,2164,Datorer
SKU-0766,Produkt 766,Beskrivning för produkt 766,1011,Spel
SKU-0767,Produkt 767,Beskrivning för produkt 767,1273,Tillbehör
SKU-0768,Produkt 768,Beskrivning för produkt 768,162,Ljud;Tillbehör;Kläder
SKU-0769,Produkt 769,Beskrivning för produkt 769,1278,Elektronik;Mobiltelefoner;Spel
SKU-0770,Produkt 770,Beskrivning för produkt 770,279,Elektronik;Böcker
SKU-0771,Produkt 771,Beskrivning för produkt 771,2183,Böcker;Kläder
SKU-0772,Produkt 772,Beskrivning för produkt 772,1768,Hem & Kök
SKU-0773,Produkt 773,Beskrivning för produkt 773,1898,Tillbehör;Hem & Kök;Ljud
SKU-0774,Produkt 774,Beskrivning för produkt 774,2449,Elektronik
SKU-0775,Produkt 775,Beskrivning för produkt 775,1226,Böcker;Spel;Kläder
SKU-0776,Produkt 776,Beskrivning för produkt 776,4260,Böcker;Mobiltelefoner;Spel
SKU-0777,Produkt 777,Beskrivning för produkt 777,4094,Tillbehör
SKU-0778,Produkt 778,Beskrivning för produkt 778,1534,Böcker;Sport;Datorer
SKU-0779,Produkt 779,Beskrivning för produkt 779,640,Mobiltelefoner
SKU-0780,Produkt 780,Beskrivning för produkt 780,720,Böcker;Sport
SKU-0781,Produkt 781,Beskrivning för produkt 781,3006,Spel;Elektronik
SKU-0782,Produkt 782,Beskrivning för produkt 782,2022,Mobiltelefoner
SKU-0783,Produkt 783,Beskrivning för produkt 783,2122,Spel
SKU-0784,Produkt 784,Beskrivning för produkt 784,424,Datorer;Tillbehör;Spel
SKU-0785,Produkt 785,Beskrivning för produkt 785,4581,Tillbehör;Ljud;Elektronik
SKU-0786,Produkt 786,Beskrivning för produkt 786,2918,Böcker;Sport
SKU-0787,Produkt 787,Beskrivning för produkt 787,1671,Tillbehör;Ljud
SKU-0788,Produkt 788,Beskrivning för produkt 788,439,Spel;Tillbehör;Sport
SKU-0789,Produkt 789,Beskrivning för produkt 789,4087,Ljud;Elektronik;Sport
SKU-0790,Produkt 790,Beskrivning för produkt 790,2095,Sport;Ljud
SKU-0791,Produkt 791,Beskrivning för produkt 791,3494,Mobiltelefoner
SKU-0792,Produkt 792,Beskrivning för produkt 792,2433,Tillbehör;Elektronik
SKU-0793,Produkt 793,Beskrivning för produkt 793,845,Sport;Mobiltelefoner
SKU-0794,Produkt 794,Beskrivning för produkt 794,4304,Spel
SKU-0795,Produkt 795,Beskrivning för produkt 795,3759,Elektronik
SKU-0796,Produkt 796,Beskrivning för produkt 796,3293,Hem & Kök
SKU-0797,Produkt 797,Beskrivning för produkt 797,3743,Datorer
SKU-0798,Produkt 798,Beskrivning för produkt 798,2322,Datorer;Mobiltelefoner
SKU-0799,Produkt 799,Beskrivning för produkt 799,4942,Sport;Böcker
SKU-0800,Produkt 800,Beskrivning för produkt 800,3256,Böcker;Sport;Kläder
SKU-0801,Produkt 801,Beskrivning för produkt 801,4961,Ljud;Kläder;Elektronik
SKU-0802,Produkt 802,Beskrivning för produkt 802,2858,Elektronik;Böcker;Spel
SKU-0803,Produkt 803,Beskrivning för produkt 803,1860,Ljud
SKU-0804,Produkt 804,Beskrivning för produkt 804,3031,Sport
SKU-0805,Produkt 805,Beskrivning för produkt 805,1448,Tillbehör;Sport;Hem & Kök
SKU-0806,Produkt 806,Beskrivning för produkt 806,1878,Mobiltelefoner;Tillbehör;Datorer
SKU-0807,Produkt 807,Beskrivning för produkt 807,789,Sport;Datorer;Ljud
SKU-0808,Produkt 808,Beskrivning för produkt 808,1423,Sport;Tillbehör
SKU-0809,Produkt 809,Beskrivning för produkt 809,1760,Spel;Sport;Mobiltelefoner
SKU-0810,Produkt 810,Beskrivning för produkt 810,3233,Ljud
SKU-0811,Produkt 811,Beskrivning för produkt 811,4962,Spel;Mobiltelefoner;Böcker
SKU-0812,Produkt 812,Beskrivning för produkt 812,3283,Kläder;Spel
SKU-0813,Produkt 813,Beskrivning för produkt 813,637,Tillbehör;Datorer
SKU-0814,Produkt 814,Beskrivning för produkt 814,3541,Spel;Ljud;Böcker
SKU-0815,Produkt 815,Beskrivning för produkt 815,237,Hem & Kök
SKU-0816,Produkt 816,Beskrivning för produkt 816,480,Elektronik;Ljud;Tillbehör
SKU-0817,Produkt 817,Beskrivning för produkt 817,3191,Spel;Ljud;Tillbehör
SKU-0818,Produkt 818,Beskrivning för produkt 818,1047,Tillbehör;Sport;Kläder
SKU-0819,Produkt 819,Beskrivning för produkt 819,3758,Böcker
SKU-0820,Produkt 820,Beskrivning för produkt 820,3679,Kläder;Böcker;Elektronik
SKU-0821,Produkt 821,Beskrivning för produkt 821,1908,Mobiltelefoner
SKU-0822,Produkt 822,Beskrivning för produkt 822,3881,Spel;Datorer
SKU-0823,Produkt 823,Beskrivning för produkt 823,83,Spel;Tillbehör;Elektronik
SKU-0824,Produkt 824,Beskrivning för produkt 824,2627,Böcker
SKU-0825,Produkt 825,Beskrivning för produkt 825,1997,Elektronik;Sport;Tillbehör
SKU-0826,Produkt 826,Beskrivning för produkt 826,3048,Spel;Kläder
SKU-0827,Produkt 827,Beskrivning för produkt 827,2039,Ljud;Mobiltelefoner
SKU-0828,Produkt 828,Beskrivning för produkt 828,3903,Datorer;Hem & Kök
SKU-0829,Produkt 829,Beskrivning för produkt 829,1075,Mobiltelefoner;Ljud;Hem & Kök
SKU-0830,Produkt 830,Beskrivning för produkt 830,1278,Sport
SKU-0831,Produkt 831,Beskrivning för produkt 831,2830,Datorer
SKU-0832,Produkt 832,Beskrivning för produkt 832,140,Sport;Kläder;Hem & Kök
SKU-0833,Produkt 833,Beskrivning för produkt 833,1262,Böcker;Spel;Sport
SKU-0834,Produkt 834,Beskrivning för produkt 834,339,Ljud;Sport;Tillbehör
SKU-0835,Produkt 835,Beskrivning för produkt 835,3658,Sport
SKU-0836,Produkt 836,Beskrivning för produkt 836,4280,Spel;Tillbehör;Ljud
SKU-0837,Produkt 837,Beskrivning för produkt 837,1466,Tillbehör;Datorer;Kläder
SKU-0838,Produkt 838,Beskrivning för produkt 838,2988,Sport
SKU-0839,Produkt 839,Beskrivning för produkt 839,4368,Datorer;Elektronik;Mobiltelefoner
SKU-0840,Produkt 840,Beskrivning för produkt 840,577,Datorer;Spel;Kläder
SKU-0841,Produkt 841,Beskrivning för produkt 841,977,Spel
SKU-0842,Produkt 842,Beskrivning för produkt 842,2227,Böcker;Spel;Elektronik
SKU-0843,Produkt 843,Beskrivning för produkt 843,3278,Tillbehör;Sport;Böcker
SKU-0844,Produkt 844,Beskrivning för produkt 844,552,Datorer;Mobiltelefoner;Sport
SKU-0845,Produkt 845,Beskrivning för produkt 845,877,Mobiltelefoner;Böcker;Hem & Kök
SKU-0846,Produkt 846,Beskrivning för produkt 846,3415,Sport;Spel
SKU-0847,Produkt 847,Beskrivning för produkt 847,4552,Hem & Kök;Mobiltelefoner;Ljud
SKU-0848,Produkt 848,Beskrivning för produkt 848,94,Kläder;Böcker
SKU-0849,Produkt 849,Beskrivning för produkt 849,2061,Elektronik;Datorer;Sport
SKU-0850,Produkt 850,Beskrivning för produkt 850,1268,Spel;Hem & Kök
SKU-0851,Produkt 851,Beskrivning för produkt 851,4549,Mobiltelefoner
SKU-0852,Produkt 852,Beskrivning för produkt 852,1997,Sport;Datorer
SKU-0853,Produkt 853,Beskrivning för produkt 853,4899,Datorer
SKU-0854,Produkt 854,Beskrivning för produkt 854,898,Elektronik;Datorer;Mobiltelefoner
SKU-0855,Produkt 855,Beskrivning för produkt 855,1858,Mobiltelefoner
SKU-0856,Produkt 856,Beskrivning för produkt 856,3449,Hem & Kök;Sport;Tillbehör
SKU-0857,Produkt 857,Beskrivning för produkt 857,2652,Kläder;Spel
SKU-0858,Produkt 858,Beskrivning för produkt 858,4718,Tillbehör;Datorer;Kläder
SKU-0859,Produkt 859,Beskrivning för produkt 859,3427,Sport;Ljud;Spel
SKU-0860,Produkt 860,Beskrivning för produkt 860,1641,Tillbehör;Böcker
SKU-0861,Produkt 861,Beskrivning för produkt 861,3280,Spel;Mobiltelefoner
SKU-0862,Produkt 862,Beskrivning för produkt 862,2822,Sport
SKU-0863,Produkt 863,Beskrivning för produkt 863,436,Tillbehör
SKU-0864,Produkt 864,Beskrivning för produkt 864,4052,Böcker;Ljud;Sport
SKU-0865,Produkt 865,Beskrivning för produkt 865,2470,Böcker;Datorer;Ljud
SKU-0866,Produkt 866,Beskrivning för produkt 866,3581,Böcker;Kläder
SKU-0867,Produkt 867,Beskrivning för produkt 867,3961,Ljud;Mobiltelefoner;Kläder
SKU-0868,Produkt 868,Beskrivning för produkt 868,3093,Hem & Kök
SKU-0869,Produkt 869,Beskrivning för produkt 869,4213,Kläder;Ljud
SKU-0870,Produkt 870,Beskrivning för produkt 870,4058,Sport;Datorer;Elektronik
SKU-0871,Produkt 871,Beskrivning för produkt 871,4491,Datorer;Sport
SKU-0872,Produkt 872,Beskrivning för produkt 872,1163,Sport;Böcker;Datorer
SKU-0873,Produkt 873,Beskrivning för produkt 873,3655,Tillbehör;Spel;Mobiltelefoner
SKU-0874,Produkt 874,Beskrivning för produkt 874,768,Spel;Böcker
SKU-0875,Produkt 875,Beskrivning för produkt 875,3477,Mobiltelefoner;Hem & Kök;Datorer
SKU-0876,Produkt 876,Beskrivning för produkt 876,2666,Mobiltelefoner;Böcker
SKU-0877,Produkt 877,Beskrivning för produkt 877,3013,Mobiltelefoner;Ljud;Böcker
SKU-0878,Produkt 878,Beskrivning för produkt 878,2731,Sport
SKU-0879,Produkt 879,Beskrivning för produkt 879,2050,Spel
SKU-0880,Produkt 880,Beskrivning för produkt 880,1200,Tillbehör;Kläder;Böcker
SKU-0881,Produkt 881,Beskrivning för produkt 881,111,Kläder;Böcker
SKU-0882,Produkt 882,Beskrivning för produkt 882,1703,Ljud;Mobiltelefoner
SKU-0883,Produkt 883,Beskrivning för produkt 883,4260,Tillbehör;Böcker;Spel
SKU-0884,Produkt 884,Beskrivning för produkt 884,2828,Mobiltelefoner;Hem & Kök;Ljud
SKU-0885,Produkt 885,Beskrivning för produkt 885,4689,Ljud;Sport
SKU-0886,Produkt 886,Beskrivning för produkt 886,1860,Spel;Kläder;Mobiltelefoner
SKU-0887,Produkt 887,Beskrivning för produkt 887,997,Ljud;Elektronik
SKU-0888,Produkt 888,Beskrivning för produkt 888,3434,Kläder;Tillbehör;Ljud
SKU-0889,Produkt 889,Beskrivning för produkt 889,4406,Ljud;Kläder;Hem & Kök
SKU-0890,Produkt 890,Beskrivning för produkt 890,4040,Sport;Hem & Kök
SKU-0891,Produkt 891,Beskrivning för produkt 891,2713,Kläder;Mobiltelefoner;Datorer
SKU-0892,Produkt 892,Beskrivning för produkt 892,1996,Kläder;Ljud
SKU-0893,Produkt 893,Beskrivning för produkt 893,4930,Sport;Hem & Kök
SKU-0894,Produkt 894,Beskrivning för produkt 894,4185,Elektronik;Ljud;Tillbehör
SKU-0895,Produkt 895,Beskrivning för produkt 895,2398,Datorer
SKU-0896,Produkt 896,Beskrivning för produkt 896,3531,Mobiltelefoner;Sport;Datorer
SKU-0897,Produkt 897,Beskrivning för produkt 897,2801,Ljud;Elektronik
SKU-0898,Produkt 898,Beskrivning för produkt 898,4075,Böcker;Mobiltelefoner;Sport
SKU-0899,Produkt 899,Beskrivning för produkt 899,1418,Kläder
SKU-0900,Produkt 900,Beskrivning för produkt 900,4790,Hem & Kök;Datorer;Tillbehör
SKU-0901,Produkt 901,Beskrivning för produkt 901,3014,Ljud;Tillbehör
SKU-0902,Produkt 902,Beskrivning för produkt 902,1191,Elektronik;Böcker;Sport
SKU-0903,Produkt 903,Beskrivning för produkt 903,3366,Tillbehör;Hem & Kök;Sport
SKU-0904,Produkt 904,Beskrivning för produkt 904,1164,Kläder
SKU-0905,Produkt 905,Beskrivning för produkt 905,2628,Hem & Kök;Elektronik;Tillbehör
SKU-0906,Produkt 906,Beskrivning för produkt 906,4201,Datorer
SKU-0907,Produkt 907,Beskrivning för produkt 907,4283,Kläder;Hem & Kök;Elektronik
SKU-0908,Produkt 908,Beskrivning för produkt 908,1157,Datorer;Kläder;Hem & Kök
SKU-0909,Produkt 909,Beskrivning för produkt 909,122,Datorer;Tillbehör
SKU-0910,Produkt 910,Beskrivning för produkt 910,4147,Spel;Ljud
SKU-0911,Produkt 911,Beskrivning för produkt 911,2041,Mobiltelefoner;Tillbehör
SKU-0912,Produkt 912,Beskrivning för produkt 912,4601,Hem & Kök;Kläder;Spel
SKU-0913,Produkt 913,Beskrivning för produkt 913,914,Spel
SKU-0914,Produkt 914,Beskrivning för produkt 914,4005,Tillbehör
SKU-0915,Produkt 915,Beskrivning för produkt 915,4089,Mobiltelefoner;Datorer
SKU-0916,Produkt 916,Beskrivning för produkt 916,1334,Mobiltelefoner;Datorer
SKU-0917,Produkt 917,Beskrivning för produkt 917,4203,Ljud;Kläder;Böcker
SKU-0918,Produkt 918,Beskrivning för produkt 918,1036,Ljud;Sport;Datorer
SKU-0919,Produkt 919,Beskrivning för produkt 919,830,Spel;Mobiltelefoner;Hem & Kök
SKU-0920,Produkt 920,Beskrivning för produkt 920,4668,Hem & Kök;Mobiltelefoner
SKU-0921,Produkt 921,Beskrivning för produkt 921,2721,Mobiltelefoner
SKU-0922,Produkt 922,Beskrivning för produkt 922,519,Böcker
SKU-0923,Produkt 923,Beskrivning för produkt 923,2386,Böcker;Hem & Kök;Spel
SKU-0924,Produkt 924,Beskrivning för produkt 924,1694,Ljud
SKU-0925,Produkt 925,Beskrivning för produkt 925,3779,Sport;Kläder
SKU-0926,Produkt 926,Beskrivning för produkt 926,2903,Böcker;Mobiltelefoner;Datorer
SKU-0927,Produkt 927,Beskrivning för produkt 927,233,Hem & Kök
SKU-0928,Produkt 928,Beskrivning för produkt 928,4851,Kläder;Datorer;Spel
SKU-0929,Produkt 929,Beskrivning för produkt 929,4055,Kläder;Datorer;Böcker
SKU-0930,Produkt 930,Beskrivning för produkt 930,2933,Sport;Elektronik
SKU-0931,Produkt 931,Beskrivning för produkt 931,4936,Böcker
SKU-0932,Produkt 932,Beskrivning för produkt 932,2683,Datorer;Ljud;Spel
SKU-0933,Produkt 933,Beskrivning för produkt 933,4121,Ljud;Elektronik
SKU-0934,Produkt 934,Beskrivning för produkt 934,4779,Ljud;Sport
SKU-0935,Produkt 935,Beskrivning för produkt 935,2559,Hem & Kök;Elektronik
SKU-0936,Produkt 936,Beskrivning för produkt 936,1042,Hem & Kök;Ljud;Datorer
SKU-0937,Produkt 937,Beskrivning för produkt 937,2959,Ljud;Sport;Kläder
SKU-0938,Produkt 938,Beskrivning för produkt 938,730,Spel;Elektronik
SKU-0939,Produkt 939,Beskrivning för produkt 939,1335,Elektronik
SKU-0940,Produkt 940,Beskrivning för produkt 940,3893,Datorer;Hem & Kök
SKU-0941,Produkt 941,Beskrivning för produkt 941,2757,Mobiltelefoner;Ljud
SKU-0942,Produkt 942,Beskrivning för produkt 942,3745,Datorer;Sport;Tillbehör
SKU-0943,Produkt 943,Beskrivning för produkt 943,1297,Datorer;Spel
SKU-0944,Produkt 944,Beskrivning för produkt 944,2565,Hem & Kök;Tillbehör;Elektronik
SKU-0945,Produkt 945,Beskrivning för produkt 945,4102,Kläder;Spel;Mobiltelefoner
SKU-0946,Produkt 946,Beskrivning för produkt 946,122,Mobiltelefoner;Ljud;Kläder
SKU-0947,Produkt 947,Beskrivning för produkt 947,4382,Mobiltelefoner;Hem & Kök;Kläder
SKU-0948,Produkt 948,Beskrivning för produkt 948,4598,Böcker;Spel
SKU-0949,Produkt 949,Beskrivning för produkt 949,1998,Hem & Kök
SKU-0950,Produkt 950,Beskrivning för produkt 950,163,Mobiltelefoner;Elektronik
SKU-0951,Produkt 951,Beskrivning för produkt 951,4465,Tillbehör
SKU-0952,Produkt 952,Beskrivning för produkt 952,2190,Mobiltelefoner;Hem & Kök
SKU-0953,Produkt 953,Beskrivning för produkt 953,4853,Elektronik
SKU-0954,Produkt 954,Beskrivning för produkt 954,3250,Datorer;Mobiltelefoner;Ljud
SKU-0955,Produkt 955,Beskrivning för produkt 955,1814,Elektronik;Kläder;Ljud
SKU-0956,Produkt 956,Beskrivning för produkt 956,78,Datorer;Mobiltelefoner
SKU-0957,Produkt 957,Beskrivning för produkt 957,2693,Tillbehör;Ljud;Hem & Kök
SKU-0958,Produkt 958,Beskrivning för produkt 958,2626,Datorer
SKU-0959,Produkt 959,Beskrivning för produkt 959,2423,Elektronik
SKU-0960,Produkt 960,Beskrivning för produkt 960,1341,Spel;Kläder;Hem & Kök
SKU-0961,Produkt 961,Beskrivning för produkt 961,2686,Ljud
SKU-0962,Produkt 962,Beskrivning för produkt 962,4037,Datorer;Ljud
SKU-0963,Produkt 963,Beskrivning för produkt 963,2506,Ljud;Mobiltelefoner
SKU-0964,Produkt 964,Beskrivning för produkt 964,3719,Datorer;Sport;Elektronik
SKU-0965,Produkt 965,Beskrivning för produkt 965,4282,Kläder;Mobiltelefoner
SKU-0966,Produkt 966,Beskrivning för produkt 966,843,Böcker;Spel
SKU-0967,Produkt 967,Beskrivning för produkt 967,2315,Ljud;Mobiltelefoner;Elektronik
SKU-0968,Produkt 968,Beskrivning för produkt 968,3512,Datorer
SKU-0969,Produkt 969,Beskrivning för produkt 969,1792,Kläder;Mobiltelefoner;Datorer
SKU-0970,Produkt 970,Beskrivning för produkt 970,4710,Hem & Kök;Ljud
SKU-0971,Produkt 971,Beskrivning för produkt 971,3227,Hem & Kök;Ljud
SKU-0972,Produkt 972,Beskrivning för produkt 972,3720,Ljud;Böcker
SKU-0973,Produkt 973,Beskrivning för produkt 973,1142,Kläder
SKU-0974,Produkt 974,Beskrivning för produkt 974,3878,Tillbehör;Spel;Elektronik
SKU-0975,Produkt 975,Beskrivning för produkt 975,1417,Böcker
SKU-0976,Produkt 976,Beskrivning för produkt 976,2429,Datorer;Hem & Kök
SKU-0977,Produkt 977,Beskrivning för produkt 977,4828,Hem & Kök;Kläder;Ljud
SKU-0978,Produkt 978,Beskrivning för produkt 978,4098,Tillbehör
SKU-0979,Produkt 979,Beskrivning för produkt 979,4991,Kläder
SKU-0980,Produkt 980,Beskrivning för produkt 980,3593,Tillbehör;Kläder;Ljud
SKU-0981,Produkt 981,Beskrivning för produkt 981,4592,Tillbehör;Sport
SKU-0982,Produkt 982,Beskrivning för produkt 982,1092,Datorer;Böcker
SKU-0983,Produkt 983,Beskrivning för produkt 983,3224,Ljud
SKU-0984,Produkt 984,Beskrivning för produkt 984,1726,Böcker
SKU-0985,Produkt 985,Beskrivning för produkt 985,4821,Sport
SKU-0986,Produkt 986,Beskrivning för produkt 986,3367,Tillbehör
SKU-0987,Produkt 987,Beskrivning för produkt 987,1493,Kläder
SKU-0988,Produkt 988,Beskrivning för produkt 988,3195,Spel;Datorer;Böcker
SKU-0989,Produkt 989,Beskrivning för produkt 989,2743,Tillbehör;Datorer;Böcker
SKU-0990,Produkt 990,Beskrivning för produkt 990,1124,Ljud;Sport;Tillbehör
SKU-0991,Produkt 991,Beskrivning för produkt 991,1961,Hem & Kök;Böcker;Tillbehör
SKU-0992,Produkt 992,Beskrivning för produkt 992,1653,Spel;Mobiltelefoner;Ljud
SKU-0993,Produkt 993,Beskrivning för produkt 993,173,Mobiltelefoner;Sport
SKU-0994,Produkt 994,Beskrivning för produkt 994,846,Böcker;Kläder
SKU-0995,Produkt 995,Beskrivning för produkt 995,4302,Mobiltelefoner;Datorer;Spel
SKU-0996,Produkt 996,Beskrivning för produkt 996,285,Kläder
SKU-0997,Produkt 997,Beskrivning för produkt 997,642,Datorer
SKU-0998,Produkt 998,Beskrivning för produkt 998,2674,Spel;Datorer;Hem & Kök
SKU-0999,Produkt 999,Beskrivning för produkt 999,1151,Mobiltelefoner;Spel
SKU-1000,Produkt 1000,Beskrivning för produkt 1000,585,Tillbehör