email,name
kund1@example.com,Kund 1
kund2@example.com,Kund 2
kund3@example.com,Kund 3
kund4@example.com,Kund 4
kund5@example.com,Kund 5
kund6@example.com,Kund 6
kund7@example.com,Kund 7
kund8@example.com,Kund 8
kund9@example.com,Kund 9
kund10@example.com,Kund 10
kund11@example.com,Kund 11
kund12@example.com,Kund 12
kund13@example.com,Kund 13
kund14@example.com,Kund 14
kund15@example.com,Kund 15
kund16@example.com,Kund 16
kund17@example.com,Kund 17
kund18@example.com,Kund 18
kund19@example.com,Kund 19
kund20@example.com,Kund 20
kund21@example.com,Kund 21
kund22@example.com,Kund 22
kund23@example.com,Kund 23
kund24@example.com,Kund 24
kund25@example.com,Kund 25
kund26@example.com,Kund 26
kund27@example.com,Kund 27
kund28@example.com,Kund 28
kund29@example.com,Kund 29
kund30@example.com,Kund 30
kund31@example.com,Kund 31
kund32@example.com,Kund 32
kund33@example.com,Kund 33
kund34@example.com,Kund 34
kund35@example.com,Kund 35
kund36@example.com,Kund 36
kund37@example.com,Kund 37
kund38@example.com,Kund 38
kund39@example.com,Kund 39
kund40@example.com,Kund 40
kund41@example.com,Kund 41
kund42@example.com,Kund 42
kund43@example.com,Kund 43
kund44@example.com,Kund 44
kund45@example.com,Kund 45
kund46@example.com,Kund 46
kund47@example.com,Kund 47
kund48@example.com,Kund 48
kund49@example.com,Kund 49
kund50@example.com,Kund 50
kund51@example.com,Kund 51
kund52@example.com,Kund 52
kund53@example.com,Kund 53
kund54@example.com,Kund 54
kund55@example.com,Kund 55
kund56@example.com,Kund 56
kund57@example.com,Kund 57
kund58@example.com,Kund 58
kund59@example.com,Kund 59
kund60@example.com,Kund 60
kund61@example.com,Kund 61
kund62@example.com,Kund 62
kund63@example.com,Kund 63
kund64@example.com,Kund 64
kund65@example.com,Kund 65
kund66@example.com,Kund 66
kund67@example.com,Kund 67
kund68@example.com,Kund 68
kund69@example.com,Kund 69
kund70@example.com,Kund 70
kund71@example.com,Kund 71
kund72@example.com,Kund 72
kund73@example.com,Kund 73
kund74@example.com,Kund 74
kund75@example.com,Kund 75
kund76@example.com,Kund 76
kund77@example.com,Kund 77
kund78@example.com,Kund 78
kund79@example.com,Kund 79
kund80@example.com,Kund 80
kund81@example.com,Kund 81
kund82@example.com,Kund 82
kund83@example.com,Kund 83
kund84@example.com,Kund 84
kund85@example.com,Kund 85
kund86@example.com,Kund 86
kund87@example.com,Kund 87
kund88@example.com,Kund 88
kund89@example.com,Kund 89
kund90@example.com,Kund 90
kund91@example.com,Kund 91
kund92@example.com,Kund 92
kund93@example.com,Kund 93
kund94@example.com,Kund 94
kund95@example.com,Kund 95
kund96@example.com,Kund 96
kund97@example.com,Kund 97
kund98@example.com,Kund 98
kund99@example.com,Kund 99
kund100@example.com,Kund 100